Date,Speed,Direction
11/3/2018 12:56,2.67,188.1
11/3/2018 14:56,5.01,143.2
11/3/2018 15:56,6.35,148.8
11/3/2018 16:56,6.35,171.3
11/3/2018 17:56,7.01,141.8
11/3/2018 18:56,7.01,139
11/3/2018 19:56,5.01,143.2
11/4/2018 12:56,2.34,186.7
11/4/2018 13:56,2.67,219
11/4/2018 14:56,3.67,150.2
11/4/2018 15:56,6.68,139
11/4/2018 16:56,7.01,139
11/4/2018 17:56,7.35,144.6
11/4/2018 18:56,7.01,146
11/4/2018 19:56,5.68,155.8
11/4/2018 20:56,2.67,189.5
11/4/2018 21:56,2.67,254.1
11/5/2018 12:56,2.34,174.1
11/5/2018 14:56,3.01,196.5
11/5/2018 15:56,4.68,140.4
11/5/2018 16:56,6.68,146
11/5/2018 17:56,7.35,137.6
11/5/2018 18:56,7.68,136.2
11/5/2018 19:56,6.35,140.4
11/5/2018 20:56,2.34,174.1
11/5/2018 21:56,2.34,235.9
11/6/2018 12:56,2.34,171.3
11/6/2018 13:56,2.34,182.5
11/6/2018 15:56,4.68,144.6
11/6/2018 16:56,7.01,143.2
11/6/2018 17:56,6.68,146
11/6/2018 18:56,6.68,140.4
11/6/2018 19:56,4.68,140.4
11/7/2018 13:56,2.67,124.9
11/7/2018 14:56,2.34,155.8
11/7/2018 15:56,4.34,206.4
11/7/2018 16:56,5.68,183.9
11/7/2018 17:56,5.68,155.8
11/7/2018 18:56,7.35,136.2
11/7/2018 19:56,5.68,140.4
11/8/2018 14:56,4.01,205
11/8/2018 15:56,5.68,212
11/8/2018 16:56,6.01,178.3
11/8/2018 17:56,6.68,172.7
11/8/2018 18:56,6.68,137.6
11/8/2018 19:56,5.34,134.8
11/9/2018 12:56,2.34,140.4
11/9/2018 13:56,2.67,148.8
11/9/2018 14:56,4.34,213.4
11/9/2018 15:56,6.68,167.1
11/9/2018 16:56,7.01,157.2
11/9/2018 17:56,6.68,153
11/9/2018 18:56,5.68,139
11/9/2018 19:56,5.01,129.2
11/10/2018 12:56,3.01,168.5
11/10/2018 13:56,4.68,224.6
11/10/2018 14:56,6.01,203.6
11/10/2018 15:56,5.68,200.8
11/10/2018 16:56,7.01,198
11/10/2018 17:56,7.35,193.7
11/10/2018 18:56,7.01,188.1
11/10/2018 19:56,4.01,206.4
11/11/2018 12:56,4.68,176.9
11/11/2018 13:56,6.01,214.8
11/11/2018 14:56,6.35,217.6
11/11/2018 15:56,8.02,202.2
11/11/2018 16:56,7.68,193.7
11/11/2018 17:56,6.35,183.9
11/11/2018 18:56,6.01,172.7
11/11/2018 19:56,3.01,169.9
11/12/2018 10:56,2.34,132
11/12/2018 11:56,8.35,230.2
11/12/2018 12:56,9.35,234.5
11/12/2018 13:56,10.02,227.4
11/12/2018 14:56,10.02,226
11/12/2018 15:56,9.02,224.6
11/12/2018 16:56,9.35,202.2
11/12/2018 17:56,8.68,205
11/12/2018 18:56,8.35,196.5
11/12/2018 19:56,6.68,190.9
11/12/2018 20:56,3.01,205
11/12/2018 21:56,2.34,233.1
11/13/2018 11:56,5.01,198
11/13/2018 12:56,7.01,213.4
11/13/2018 13:56,7.35,206.4
11/13/2018 14:56,7.68,202.2
11/13/2018 15:56,7.68,195.1
11/13/2018 16:56,6.68,185.3
11/13/2018 17:56,5.34,190.9
11/13/2018 18:56,4.34,199.4
11/13/2018 19:56,3.01,195.1
11/14/2018 13:56,3.01,169.9
11/14/2018 14:56,5.68,221.8
11/14/2018 15:56,6.35,200.8
11/14/2018 16:56,6.35,185.3
11/14/2018 17:56,6.35,183.9
11/14/2018 18:56,5.34,175.5
11/14/2018 19:56,3.34,134.8
11/15/2018 12:56,2.34,157.2
11/15/2018 14:56,4.34,216.2
11/15/2018 15:56,7.35,192.3
11/15/2018 16:56,7.01,167.1
11/15/2018 17:56,7.01,137.6
11/15/2018 18:56,6.68,139
11/15/2018 19:56,4.68,137.6
11/16/2018 12:56,3.01,165.7
11/16/2018 13:56,4.01,186.7
11/16/2018 14:56,5.68,205
11/16/2018 15:56,6.35,183.9
11/16/2018 16:56,7.01,199.4
11/16/2018 17:56,6.68,190.9
11/16/2018 18:56,5.68,160
11/16/2018 19:56,5.68,133.4
11/17/2018 14:56,5.34,198
11/17/2018 15:56,5.68,189.5
11/17/2018 16:56,5.68,155.8
11/17/2018 17:56,6.68,136.2
11/17/2018 18:56,7.01,139
11/17/2018 19:56,6.01,139
11/17/2018 20:56,3.01,167.1
11/18/2018 12:56,2.34,172.7
11/18/2018 13:56,2.34,205
11/18/2018 14:56,4.01,192.3
11/18/2018 15:56,6.01,174.1
11/18/2018 16:56,6.01,154.4
11/18/2018 17:56,6.68,136.2
11/18/2018 18:56,6.68,136.2
11/18/2018 19:56,5.01,136.2
11/19/2018 12:56,2.67,171.3
11/19/2018 13:56,3.34,153
11/19/2018 14:56,5.01,198
11/19/2018 15:56,6.35,214.8
11/19/2018 16:56,6.35,182.5
11/19/2018 17:56,7.68,193.7
11/19/2018 18:56,7.01,198
11/19/2018 19:56,4.68,148.8
11/20/2018 12:56,3.01,168.5
11/20/2018 13:56,3.34,182.5
11/20/2018 14:56,4.01,200.8
11/20/2018 15:56,6.01,192.3
11/20/2018 16:56,7.01,174.1
11/20/2018 17:56,6.35,153
11/20/2018 18:56,6.35,140.4
11/20/2018 19:56,4.68,140.4
11/21/2018 12:56,3.01,164.3
11/21/2018 13:56,3.34,190.9
11/21/2018 14:56,6.01,198
11/21/2018 15:56,6.01,188.1
11/21/2018 16:56,8.02,189.5
11/21/2018 17:56,8.02,195.1
11/21/2018 18:56,6.01,179.7
11/21/2018 19:56,5.01,140.4
11/22/2018 12:56,3.01,165.7
11/22/2018 14:56,4.01,210.6
11/22/2018 15:56,7.01,195.1
11/22/2018 16:56,7.01,182.5
11/22/2018 17:56,7.35,140.4
11/22/2018 18:56,7.01,136.2
11/22/2018 19:56,5.68,140.4
11/23/2018 12:56,3.01,195.1
11/23/2018 13:56,2.34,226
11/23/2018 14:56,2.34,120.7
11/23/2018 15:56,4.68,146
11/23/2018 16:56,5.68,153
11/23/2018 17:56,6.01,144.6
11/23/2018 18:56,6.68,147.4
11/23/2018 19:56,5.68,153
11/23/2018 20:56,2.67,169.9
11/24/2018 12:56,2.34,216.2
11/24/2018 13:56,4.01,185.3
11/24/2018 14:56,5.01,174.1
11/24/2018 15:56,6.68,143.2
11/24/2018 16:56,7.35,144.6
11/24/2018 17:56,7.68,147.4
11/24/2018 18:56,7.01,151.6
11/24/2018 19:56,5.34,148.8
11/24/2018 20:56,2.34,172.7
11/25/2018 11:56,2.34,188.1
11/25/2018 13:56,3.01,189.5
11/25/2018 14:56,5.34,146
11/25/2018 15:56,6.35,146
11/25/2018 16:56,6.68,141.8
11/25/2018 17:56,7.01,136.2
11/25/2018 18:56,7.01,137.6
11/25/2018 19:56,5.34,134.8
11/26/2018 13:56,2.67,186.7
11/26/2018 14:56,4.34,148.8
11/26/2018 15:56,6.35,148.8
11/26/2018 16:56,6.35,162.9
11/26/2018 17:56,6.68,150.2
11/26/2018 18:56,6.68,146
11/26/2018 19:56,6.35,137.6
11/26/2018 20:56,3.67,126.4
11/27/2018 11:56,2.34,151.6
11/27/2018 12:56,2.67,167.1
11/27/2018 13:56,3.01,175.5
11/27/2018 14:56,2.34,199.4
11/27/2018 15:56,6.35,167.1
11/27/2018 16:56,7.35,155.8
11/27/2018 17:56,6.35,158.6
11/27/2018 18:56,6.01,146
11/27/2018 19:56,5.34,139
11/27/2018 20:56,3.34,151.6
11/28/2018 11:56,3.01,161.5
11/28/2018 12:56,4.34,182.5
11/28/2018 13:56,5.34,213.4
11/28/2018 14:56,5.68,213.4
11/28/2018 15:56,7.35,202.2
11/28/2018 16:56,7.35,192.3
11/28/2018 17:56,7.01,186.7
11/28/2018 18:56,6.68,189.5
11/28/2018 19:56,6.35,190.9
11/28/2018 20:56,4.34,212
11/28/2018 21:56,2.67,219
11/29/2018 11:56,2.34,153
11/29/2018 12:56,4.01,172.7
11/29/2018 13:56,4.01,186.7
11/29/2018 14:56,5.34,217.6
11/29/2018 15:56,7.35,198
11/29/2018 16:56,7.68,193.7
11/29/2018 17:56,8.02,189.5
11/29/2018 18:56,8.02,189.5
11/29/2018 19:56,6.01,188.1
11/29/2018 20:56,3.67,182.5
11/29/2018 21:56,2.67,202.2
11/30/2018 11:56,3.34,144.6
11/30/2018 12:56,4.68,185.3
11/30/2018 13:56,5.34,214.8
11/30/2018 14:56,7.35,206.4
11/30/2018 15:56,8.35,199.4
11/30/2018 16:56,8.35,185.3
11/30/2018 17:56,8.02,190.9
11/30/2018 18:56,7.01,196.5
11/30/2018 19:56,6.01,192.3
11/30/2018 20:56,4.01,193.7
12/1/2018 11:56,2.34,133.4
12/1/2018 12:56,6.35,205
12/1/2018 13:56,6.68,214.8
12/1/2018 14:56,6.35,226
12/1/2018 15:56,7.68,210.6
12/1/2018 16:56,8.68,199.4
12/1/2018 17:56,8.35,185.3
12/1/2018 18:56,8.02,179.7
12/1/2018 19:56,6.68,182.5
12/1/2018 20:56,2.67,185.3
12/2/2018 11:56,3.67,171.3
12/2/2018 12:56,6.68,223.2
12/2/2018 13:56,7.35,216.2
12/2/2018 14:56,7.35,221.8
12/2/2018 15:56,8.02,217.6
12/2/2018 16:56,7.68,221.8
12/2/2018 17:56,8.02,202.2
12/2/2018 18:56,7.35,200.8
12/2/2018 19:56,7.01,200.8
12/2/2018 20:56,2.67,196.5
12/3/2018 1:56,2.34,110.9
12/3/2018 2:56,2.67,103.9
12/3/2018 11:56,4.01,167.1
12/3/2018 12:56,7.01,216.2
12/3/2018 13:56,6.68,221.8
12/3/2018 14:56,7.01,221.8
12/3/2018 15:56,7.68,226
12/3/2018 16:56,9.02,202.2
12/3/2018 17:56,8.02,212
12/3/2018 18:56,7.01,203.6
12/3/2018 19:56,6.68,192.3
12/3/2018 20:56,3.67,207.8
12/3/2018 21:56,3.34,230.2
12/4/2018 10:56,4.68,198
12/4/2018 11:56,8.68,226
12/4/2018 12:56,8.02,231.6
12/4/2018 13:56,9.02,227.4
12/4/2018 14:56,9.02,220.4
12/4/2018 15:56,10.35,202.2
12/4/2018 16:56,10.35,195.1
12/4/2018 17:56,9.68,192.3
12/4/2018 18:56,9.02,196.5
12/4/2018 19:56,7.68,205
12/4/2018 20:56,4.01,209.2
12/4/2018 21:56,2.34,233.1
12/5/2018 10:56,2.34,130.6
12/5/2018 11:56,4.68,198
12/5/2018 12:56,7.68,224.6
12/5/2018 13:56,7.68,216.2
12/5/2018 14:56,7.35,221.8
12/5/2018 15:56,7.68,220.4
12/5/2018 16:56,7.35,226
12/5/2018 17:56,7.01,220.4
12/5/2018 18:56,7.35,207.8
12/5/2018 19:56,5.68,199.4
12/5/2018 20:56,2.67,169.9
12/6/2018 11:56,2.34,127.8
12/6/2018 12:56,5.34,216.2
12/6/2018 13:56,6.68,228.8
12/6/2018 14:56,7.68,223.2
12/6/2018 15:56,7.68,224.6
12/6/2018 16:56,8.02,217.6
12/6/2018 17:56,8.02,202.2
12/6/2018 18:56,7.35,200.8
12/6/2018 19:56,6.68,200.8
12/6/2018 20:56,4.01,199.4
12/7/2018 12:56,4.01,151.6
12/7/2018 13:56,5.34,207.8
12/7/2018 14:56,5.68,221.8
12/7/2018 15:56,6.35,213.4
12/7/2018 16:56,7.68,192.3
12/7/2018 17:56,7.01,185.3
12/7/2018 18:56,6.68,186.7
12/7/2018 19:56,4.68,185.3
12/8/2018 12:56,3.34,139
12/8/2018 13:56,5.68,205
12/8/2018 14:56,5.34,220.4
12/8/2018 15:56,7.01,207.8
12/8/2018 16:56,7.35,183.9
12/8/2018 17:56,7.68,186.7
12/8/2018 18:56,7.35,190.9
12/8/2018 19:56,4.68,190.9
12/8/2018 20:56,2.34,210.6
12/8/2018 21:56,2.67,223.2
12/9/2018 12:56,5.68,210.6
12/9/2018 13:56,8.02,192.3
12/9/2018 14:56,8.35,189.5
12/9/2018 15:56,7.68,186.7
12/9/2018 16:56,7.35,171.3
12/9/2018 17:56,6.35,161.5
12/9/2018 18:56,6.01,140.4
12/9/2018 19:56,4.01,136.2
12/9/2018 20:56,3.01,122.1
12/10/2018 12:56,2.34,165.7
12/10/2018 13:56,3.01,169.9
12/10/2018 14:56,6.68,190.9
12/10/2018 15:56,6.68,185.3
12/10/2018 16:56,6.68,148.8
12/10/2018 17:56,7.01,139
12/10/2018 18:56,7.35,134.8
12/10/2018 19:56,6.35,137.6
12/10/2018 20:56,3.01,133.4
12/11/2018 13:56,2.67,205
12/11/2018 14:56,4.34,203.6
12/11/2018 15:56,6.68,205
12/11/2018 16:56,6.01,179.7
12/11/2018 17:56,6.35,144.6
12/11/2018 18:56,6.68,136.2
12/11/2018 19:56,4.68,129.2
12/12/2018 13:56,2.34,186.7
12/12/2018 14:56,4.34,205
12/12/2018 15:56,6.01,186.7
12/12/2018 16:56,7.68,192.3
12/12/2018 17:56,8.02,144.6
12/12/2018 18:56,7.68,141.8
12/12/2018 19:56,6.01,143.2
12/12/2018 20:56,3.01,129.2
12/13/2018 12:56,2.34,137.6
12/13/2018 13:56,5.68,161.5
12/13/2018 14:56,8.35,190.9
12/13/2018 15:56,8.02,189.5
12/13/2018 16:56,7.01,189.5
12/13/2018 17:56,7.01,175.5
12/13/2018 18:56,6.01,168.5
12/13/2018 19:56,6.01,146
12/14/2018 11:56,2.34,139
12/14/2018 12:56,6.01,182.5
12/14/2018 13:56,7.68,186.7
12/14/2018 14:56,8.02,198
12/14/2018 15:56,7.68,189.5
12/14/2018 16:56,7.35,188.1
12/14/2018 17:56,6.35,176.9
12/14/2018 18:56,5.68,150.2
12/14/2018 19:56,5.01,129.2
12/14/2018 20:56,3.01,116.5
12/15/2018 13:56,3.34,214.8
12/15/2018 14:56,7.01,209.2
12/15/2018 15:56,7.35,193.7
12/15/2018 16:56,7.68,209.2
12/15/2018 17:56,7.35,205
12/15/2018 18:56,5.34,133.4
12/15/2018 19:56,5.01,127.8
12/16/2018 13:56,2.34,161.5
12/16/2018 14:56,3.34,133.4
12/16/2018 15:56,5.68,141.8
12/16/2018 16:56,6.35,147.4
12/16/2018 17:56,7.68,140.4
12/16/2018 18:56,7.35,136.2
12/16/2018 19:56,4.34,147.4
12/16/2018 20:56,2.67,182.5
12/17/2018 0:56,2.67,21.1
12/17/2018 12:56,2.34,154.4
12/17/2018 13:56,3.01,155.8
12/17/2018 14:56,5.34,139
12/17/2018 15:56,7.01,144.6
12/17/2018 16:56,7.35,146
12/17/2018 17:56,8.68,134.8
12/17/2018 18:56,7.68,137.6
12/17/2018 19:56,6.35,139
12/17/2018 20:56,3.34,161.5
12/17/2018 21:56,2.34,226
12/18/2018 13:56,6.68,181.1
12/18/2018 14:56,6.35,202.2
12/18/2018 15:56,8.02,188.1
12/18/2018 16:56,8.02,185.3
12/18/2018 17:56,7.35,183.9
12/18/2018 18:56,7.01,151.6
12/18/2018 19:56,6.35,147.4
12/18/2018 20:56,4.34,127.8
12/19/2018 12:56,4.01,179.7
12/19/2018 13:56,4.34,216.2
12/19/2018 14:56,5.01,207.8
12/19/2018 15:56,5.68,174.1
12/19/2018 16:56,7.35,183.9
12/19/2018 17:56,6.68,141.8
12/19/2018 18:56,7.01,137.6
12/19/2018 19:56,6.01,134.8
12/19/2018 20:56,3.01,137.6
12/20/2018 12:56,2.34,176.9
12/20/2018 13:56,3.01,161.5
12/20/2018 14:56,5.01,154.4
12/20/2018 15:56,5.68,144.6
12/20/2018 16:56,6.01,146
12/20/2018 17:56,6.01,144.6
12/20/2018 18:56,6.35,146
12/20/2018 19:56,5.68,154.4
12/20/2018 20:56,3.01,174.1
12/21/2018 11:56,2.34,171.3
12/21/2018 12:56,2.67,185.3
12/21/2018 13:56,2.67,195.1
12/21/2018 14:56,6.35,203.6
12/21/2018 15:56,7.01,186.7
12/21/2018 16:56,7.01,175.5
12/21/2018 17:56,7.01,185.3
12/21/2018 18:56,6.01,155.8
12/21/2018 19:56,4.34,161.5
12/21/2018 20:56,2.34,161.5
12/22/2018 11:56,2.34,181.1
12/22/2018 12:56,2.34,181.1
12/22/2018 13:56,2.67,209.2
12/22/2018 14:56,3.01,157.2
12/22/2018 15:56,6.35,200.8
12/22/2018 16:56,6.68,181.1
12/22/2018 17:56,7.01,162.9
12/22/2018 18:56,6.01,155.8
12/22/2018 19:56,5.01,151.6
12/22/2018 20:56,3.67,137.6
12/23/2018 12:56,2.67,172.7
12/23/2018 13:56,4.01,147.4
12/23/2018 14:56,4.01,151.6
12/23/2018 15:56,5.01,179.7
12/23/2018 16:56,6.35,165.7
12/23/2018 17:56,6.68,193.7
12/23/2018 18:56,6.35,157.2
12/23/2018 19:56,6.01,136.2
12/23/2018 20:56,3.34,129.2
12/24/2018 12:56,3.67,155.8
12/24/2018 13:56,4.34,155.8
12/24/2018 14:56,4.01,179.7
12/24/2018 15:56,5.34,209.2
12/24/2018 16:56,5.68,183.9
12/24/2018 17:56,7.35,188.1
12/24/2018 18:56,6.35,157.2
12/24/2018 19:56,5.34,139
12/24/2018 20:56,3.01,124.9
12/25/2018 12:56,2.34,168.5
12/25/2018 13:56,3.01,174.1
12/25/2018 14:56,3.01,164.3
12/25/2018 15:56,4.34,183.9
12/25/2018 16:56,8.35,202.2
12/25/2018 17:56,7.35,189.5
12/25/2018 18:56,6.68,162.9
12/25/2018 19:56,5.68,130.6
12/25/2018 20:56,2.67,126.4
12/26/2018 12:56,3.67,183.9
12/26/2018 13:56,5.34,196.5
12/26/2018 14:56,5.68,210.6
12/26/2018 15:56,6.68,199.4
12/26/2018 16:56,7.68,212
12/26/2018 17:56,6.68,199.4
12/26/2018 18:56,6.35,158.6
12/26/2018 19:56,6.35,130.6
12/26/2018 20:56,3.34,129.2
12/27/2018 12:56,2.34,171.3
12/27/2018 13:56,3.67,181.1
12/27/2018 14:56,3.34,188.1
12/27/2018 15:56,6.35,164.3
12/27/2018 16:56,7.35,130.6
12/27/2018 17:56,8.35,134.8
12/27/2018 18:56,7.68,146
12/27/2018 19:56,4.34,189.5
12/27/2018 20:56,3.34,213.4
12/28/2018 14:56,4.01,176.9
12/28/2018 15:56,5.68,176.9
12/28/2018 16:56,7.01,140.4
12/28/2018 17:56,7.35,150.2
12/28/2018 18:56,5.34,162.9
12/28/2018 19:56,4.01,210.6
12/28/2018 20:56,3.01,172.7
12/29/2018 14:56,6.68,183.9
12/29/2018 15:56,7.35,157.2
12/29/2018 16:56,6.35,154.4
12/29/2018 17:56,6.01,151.6
12/29/2018 18:56,7.68,139
12/29/2018 19:56,6.68,164.3
12/29/2018 20:56,3.67,176.9
12/30/2018 13:56,3.34,167.1
12/30/2018 14:56,3.67,155.8
12/30/2018 15:56,6.68,126.4
12/30/2018 16:56,5.34,154.4
12/30/2018 17:56,8.02,141.8
12/30/2018 18:56,7.68,132
12/30/2018 19:56,4.68,151.6
12/31/2018 0:56,3.01,105.3
12/31/2018 12:56,2.67,182.5
12/31/2018 13:56,3.67,207.8
12/31/2018 14:56,5.01,203.6
12/31/2018 15:56,6.35,198
12/31/2018 16:56,8.35,129.2
12/31/2018 17:56,8.35,130.6
12/31/2018 18:56,8.02,137.6
12/31/2018 19:56,6.68,139
12/31/2018 20:56,3.01,137.6
1/1/2019 13:56,4.01,181.1
1/1/2019 14:56,5.34,210.6
1/1/2019 15:56,6.01,200.8
1/1/2019 16:56,5.34,175.5
1/1/2019 17:56,6.68,141.8
1/1/2019 18:56,6.35,136.2
1/1/2019 19:56,5.68,139
1/1/2019 20:56,3.67,141.8
1/2/2019 12:56,2.34,161.5
1/2/2019 13:56,4.34,198
1/2/2019 14:56,5.68,224.6
1/2/2019 15:56,4.68,185.3
1/2/2019 16:56,5.68,134.8
1/2/2019 17:56,7.01,129.2
1/2/2019 18:56,6.68,136.2
1/2/2019 19:56,6.68,133.4
1/2/2019 20:56,4.68,144.6
1/3/2019 11:56,2.34,181.1
1/3/2019 12:56,3.34,155.8
1/3/2019 13:56,4.34,199.4
1/3/2019 14:56,5.34,213.4
1/3/2019 15:56,7.01,196.5
1/3/2019 16:56,8.02,188.1
1/3/2019 17:56,7.68,141.8
1/3/2019 18:56,7.68,132
1/3/2019 19:56,5.68,133.4
1/3/2019 20:56,3.01,132
1/4/2019 12:56,2.34,164.3
1/4/2019 13:56,3.67,175.5
1/4/2019 14:56,3.34,195.1
1/4/2019 15:56,7.01,151.6
1/4/2019 16:56,7.01,139
1/4/2019 17:56,7.68,144.6
1/4/2019 18:56,8.02,148.8
1/4/2019 19:56,6.68,172.7
1/4/2019 20:56,4.34,213.4
1/5/2019 12:56,2.67,161.5
1/5/2019 13:56,3.67,196.5
1/5/2019 14:56,5.01,217.6
1/5/2019 15:56,6.68,213.4
1/5/2019 16:56,6.68,205
1/5/2019 17:56,7.68,207.8
1/5/2019 18:56,7.68,200.8
1/5/2019 19:56,7.01,196.5
1/5/2019 20:56,5.01,207.8
1/5/2019 21:56,3.67,189.5
1/6/2019 11:56,5.01,186.7
1/6/2019 12:56,7.01,219
1/6/2019 13:56,7.35,234.5
1/6/2019 14:56,8.02,217.6
1/6/2019 15:56,9.02,199.4
1/6/2019 16:56,9.02,203.6
1/6/2019 17:56,8.68,195.1
1/6/2019 18:56,8.02,192.3
1/6/2019 19:56,8.02,200.8
1/6/2019 20:56,6.01,200.8
1/6/2019 21:56,3.67,196.5
1/6/2019 22:56,2.34,183.9
1/7/2019 10:56,2.34,141.8
1/7/2019 11:56,6.01,221.8
1/7/2019 12:56,6.35,214.8
1/7/2019 13:56,7.01,227.4
1/7/2019 14:56,8.35,223.2
1/7/2019 15:56,9.02,199.4
1/7/2019 16:56,9.35,195.1
1/7/2019 17:56,9.35,202.2
1/7/2019 18:56,9.35,198
1/7/2019 19:56,7.35,206.4
1/7/2019 20:56,4.01,198
1/8/2019 11:56,3.67,189.5
1/8/2019 12:56,6.35,205
1/8/2019 13:56,7.35,209.2
1/8/2019 14:56,7.01,228.8
1/8/2019 15:56,8.68,200.8
1/8/2019 16:56,9.68,188.1
1/8/2019 17:56,9.35,192.3
1/8/2019 18:56,8.35,185.3
1/8/2019 19:56,6.01,175.5
1/8/2019 20:56,4.68,182.5
1/9/2019 11:56,2.34,113.7
1/9/2019 12:56,5.68,205
1/9/2019 13:56,6.01,219
1/9/2019 14:56,6.35,227.4
1/9/2019 15:56,7.01,213.4
1/9/2019 16:56,7.68,179.7
1/9/2019 17:56,7.35,188.1
1/9/2019 18:56,6.68,188.1
1/9/2019 19:56,6.35,189.5
1/9/2019 20:56,3.67,189.5
1/10/2019 12:56,3.01,154.4
1/10/2019 13:56,4.34,151.6
1/10/2019 14:56,4.68,175.5
1/10/2019 15:56,5.68,205
1/10/2019 16:56,6.35,196.5
1/10/2019 17:56,7.35,206.4
1/10/2019 18:56,6.35,192.3
1/10/2019 19:56,6.68,195.1
1/10/2019 20:56,4.68,200.8
1/10/2019 21:56,2.67,226
1/11/2019 11:56,2.34,147.4
1/11/2019 12:56,4.34,140.4
1/11/2019 13:56,4.01,172.7
1/11/2019 14:56,4.34,212
1/11/2019 15:56,5.68,202.2
1/11/2019 16:56,7.01,171.3
1/11/2019 17:56,7.68,162.9
1/11/2019 18:56,7.01,171.3
1/11/2019 19:56,6.35,181.1
1/11/2019 20:56,5.01,198
1/12/2019 12:56,2.34,154.4
1/12/2019 13:56,2.67,148.8
1/12/2019 14:56,4.68,214.8
1/12/2019 15:56,5.68,198
1/12/2019 16:56,5.34,185.3
1/12/2019 17:56,5.68,198
1/12/2019 18:56,6.35,196.5
1/12/2019 19:56,5.34,190.9
1/12/2019 20:56,4.34,188.1
1/13/2019 12:56,3.01,165.7
1/13/2019 13:56,3.67,169.9
1/13/2019 14:56,5.34,198
1/13/2019 15:56,6.01,205
1/13/2019 16:56,6.01,230.2
1/13/2019 17:56,6.01,202.2
1/13/2019 18:56,6.35,192.3
1/13/2019 19:56,6.01,181.1
1/13/2019 20:56,4.01,193.7
1/13/2019 21:56,3.01,219
1/14/2019 12:56,3.67,150.2
1/14/2019 13:56,5.01,205
1/14/2019 14:56,5.34,210.6
1/14/2019 15:56,6.68,213.4
1/14/2019 16:56,7.68,183.9
1/14/2019 17:56,7.01,188.1
1/14/2019 18:56,7.01,190.9
1/14/2019 19:56,6.68,193.7
1/14/2019 20:56,4.01,224.6
1/15/2019 12:56,3.34,141.8
1/15/2019 13:56,6.01,206.4
1/15/2019 14:56,5.34,206.4
1/15/2019 15:56,5.68,207.8
1/15/2019 16:56,6.01,200.8
1/15/2019 17:56,6.01,205
1/15/2019 18:56,5.68,205
1/15/2019 19:56,4.34,182.5
1/15/2019 20:56,2.67,172.7
1/16/2019 12:56,3.01,148.8
1/16/2019 13:56,3.01,193.7
1/16/2019 14:56,4.34,214.8
1/16/2019 15:56,6.01,199.4
1/16/2019 16:56,6.68,175.5
1/16/2019 17:56,6.68,185.3
1/16/2019 18:56,6.35,139
1/16/2019 19:56,5.68,133.4
1/16/2019 20:56,4.01,132
1/17/2019 12:56,2.67,165.7
1/17/2019 13:56,3.01,154.4
1/17/2019 14:56,2.34,112.3
1/17/2019 15:56,5.68,209.2
1/17/2019 16:56,7.01,147.4
1/17/2019 17:56,7.68,133.4
1/17/2019 18:56,7.35,136.2
1/17/2019 19:56,6.35,147.4
1/17/2019 20:56,4.01,162.9
1/17/2019 21:56,2.67,233.1
1/18/2019 13:56,2.67,185.3
1/18/2019 14:56,2.34,202.2
1/18/2019 15:56,3.01,183.9
1/18/2019 16:56,6.35,182.5
1/18/2019 17:56,6.68,143.2
1/18/2019 18:56,6.35,130.6
1/18/2019 19:56,5.68,139
1/18/2019 20:56,3.34,146
1/19/2019 12:56,3.01,169.9
1/19/2019 13:56,5.01,199.4
1/19/2019 14:56,5.68,217.6
1/19/2019 15:56,5.68,226
1/19/2019 16:56,6.35,209.2
1/19/2019 17:56,5.68,196.5
1/19/2019 18:56,5.34,174.1
1/19/2019 19:56,5.34,117.9
1/20/2019 12:56,2.34,164.3
1/20/2019 13:56,3.34,190.9
1/20/2019 14:56,5.01,206.4
1/20/2019 15:56,6.35,207.8
1/20/2019 16:56,6.01,186.7
1/20/2019 17:56,7.01,161.5
1/20/2019 18:56,7.68,132
1/20/2019 19:56,6.01,140.4
1/20/2019 20:56,2.34,175.5
1/21/2019 12:56,2.34,182.5
1/21/2019 13:56,3.67,158.6
1/21/2019 14:56,6.35,143.2
1/21/2019 15:56,7.01,144.6
1/21/2019 16:56,8.35,140.4
1/21/2019 17:56,8.35,132
1/21/2019 18:56,7.68,130.6
1/21/2019 19:56,7.01,129.2
1/21/2019 20:56,3.67,189.5
1/22/2019 12:56,2.34,175.5
1/22/2019 13:56,3.34,147.4
1/22/2019 14:56,4.34,162.9
1/22/2019 15:56,7.68,143.2
1/22/2019 16:56,8.68,129.2
1/22/2019 17:56,7.68,127.8
1/22/2019 18:56,6.35,123.5
1/22/2019 19:56,6.01,129.2
1/22/2019 20:56,5.01,129.2
1/23/2019 12:56,3.01,174.1
1/23/2019 13:56,4.34,193.7
1/23/2019 14:56,7.68,223.2
1/23/2019 15:56,6.68,202.2
1/23/2019 16:56,6.01,169.9
1/23/2019 17:56,5.68,140.4
1/23/2019 18:56,5.01,143.2
1/23/2019 19:56,5.68,132
1/23/2019 20:56,3.01,148.8
1/23/2019 21:56,3.34,220.4
1/23/2019 22:56,3.01,144.6
1/24/2019 12:56,2.67,130.6
1/24/2019 13:56,6.01,334.1
1/24/2019 14:56,8.02,345.4
1/24/2019 15:56,9.68,335.5
1/24/2019 16:56,10.69,353.8
1/24/2019 17:56,5.34,39.3
1/24/2019 18:56,4.68,28.1
1/24/2019 19:56,2.67,110.9
1/24/2019 20:56,5.01,11.2
1/24/2019 21:56,9.35,353.8
1/24/2019 22:56,7.68,351
1/25/2019 12:56,2.67,167.1
1/25/2019 13:56,3.01,172.7
1/25/2019 14:56,3.67,241.5
1/25/2019 15:56,6.68,198
1/25/2019 16:56,5.01,47.7
1/25/2019 17:56,5.34,4.2
1/25/2019 18:56,7.01,2.8
1/25/2019 19:56,6.68,9.8
1/26/2019 12:56,2.67,185.3
1/26/2019 13:56,6.01,262.5
1/26/2019 14:56,5.34,279.4
1/26/2019 15:56,4.01,271
1/26/2019 16:56,3.34,124.9
1/26/2019 17:56,7.68,81.4
1/26/2019 18:56,10.02,25.3
1/26/2019 19:56,9.02,21.1
1/26/2019 20:56,6.68,23.9
1/26/2019 21:56,4.68,30.9
1/27/2019 12:56,3.34,207.8
1/27/2019 13:56,3.67,181.1
1/27/2019 14:56,4.34,167.1
1/27/2019 15:56,4.68,122.1
1/27/2019 16:56,7.35,338.3
1/27/2019 17:56,7.68,19.7
1/27/2019 18:56,9.68,355.2
1/27/2019 19:56,4.68,23.9
1/27/2019 20:56,3.34,32.3
1/28/2019 12:56,2.34,174.1
1/28/2019 13:56,2.34,212
1/28/2019 14:56,4.34,317.3
1/28/2019 15:56,3.34,235.9
1/28/2019 16:56,5.68,195.1
1/28/2019 17:56,2.67,130.6
1/28/2019 18:56,3.01,157.2
1/28/2019 19:56,2.67,136.2
1/28/2019 20:56,4.01,129.2
1/29/2019 4:56,2.67,71.6
1/29/2019 5:56,2.34,80
1/29/2019 12:56,3.67,176.9
1/29/2019 13:56,6.01,221.8
1/29/2019 14:56,8.02,172.7
1/29/2019 15:56,5.34,265.3
1/29/2019 16:56,5.34,352.4
1/29/2019 17:56,6.68,19.7
1/29/2019 18:56,6.68,9.8
1/29/2019 19:56,4.01,355.2
1/30/2019 2:56,2.34,75.8
1/30/2019 14:56,3.67,241.5
1/30/2019 15:56,4.68,310.3
1/30/2019 16:56,3.01,92.7
1/30/2019 20:56,3.34,1.4
1/31/2019 13:56,2.67,216.2
1/31/2019 14:56,5.68,185.3
1/31/2019 15:56,5.68,96.9
1/31/2019 16:56,6.01,106.7
1/31/2019 17:56,6.01,129.2
1/31/2019 18:56,6.01,140.4
1/31/2019 19:56,4.68,134.8
1/31/2019 20:56,3.01,139
2/1/2019 14:56,3.34,176.9
2/1/2019 15:56,8.35,196.5
2/1/2019 16:56,8.02,143.2
2/1/2019 17:56,8.68,130.6
2/1/2019 18:56,8.35,134.8
2/1/2019 19:56,6.35,36.5
2/1/2019 20:56,5.34,0
2/1/2019 21:56,4.01,7
2/1/2019 22:56,2.67,348.2
2/2/2019 15:56,5.34,205
2/2/2019 16:56,5.68,174.1
2/2/2019 17:56,6.35,61.8
2/2/2019 18:56,5.01,0
2/2/2019 19:56,5.34,346.8
2/2/2019 20:56,3.67,355.2
2/2/2019 21:56,2.34,223.2
2/2/2019 23:56,3.34,353.8
2/3/2019 0:56,4.68,9.8
2/3/2019 1:56,2.67,321.5
2/3/2019 11:56,2.34,206.4
2/3/2019 12:56,2.67,190.9
2/3/2019 13:56,3.01,200.8
2/3/2019 15:56,2.34,193.7
2/3/2019 16:56,6.68,224.6
2/3/2019 17:56,4.01,335.5
2/3/2019 18:56,2.67,181.1
2/3/2019 19:56,2.34,18.3
2/3/2019 20:56,2.34,30.9
2/4/2019 15:56,4.01,112.3
2/4/2019 16:56,6.35,198
2/4/2019 17:56,6.01,332.7
2/4/2019 18:56,5.34,258.3
2/4/2019 19:56,6.68,80
2/4/2019 20:56,3.67,348.2
2/4/2019 21:56,3.67,32.3
2/4/2019 22:56,3.67,25.3
2/5/2019 13:56,3.34,119.3
2/5/2019 14:56,3.67,126.4
2/5/2019 15:56,3.34,205
2/5/2019 16:56,4.34,137.6
2/5/2019 17:56,6.68,171.3
2/5/2019 18:56,7.35,144.6
2/5/2019 19:56,7.68,160
2/5/2019 20:56,8.02,299
2/5/2019 21:56,3.01,321.5
2/5/2019 22:56,3.34,18.3
2/6/2019 1:56,2.34,21.1
2/6/2019 12:56,2.34,155.8
2/6/2019 13:56,2.34,150.2
2/6/2019 14:56,3.67,206.4
2/6/2019 15:56,4.01,169.9
2/6/2019 16:56,8.68,141.8
2/6/2019 17:56,5.34,245.7
2/6/2019 18:56,5.68,216.2
2/6/2019 19:56,8.02,355.2
2/6/2019 20:56,4.34,28.1
2/6/2019 21:56,2.34,40.7
2/6/2019 22:56,2.67,88.4
2/7/2019 13:56,2.67,200.8
2/7/2019 14:56,6.68,158.6
2/7/2019 15:56,5.68,202.2
2/7/2019 16:56,4.34,37.9
2/7/2019 17:56,3.34,39.3
2/7/2019 18:56,4.01,18.3
2/7/2019 19:56,5.68,1.4
2/7/2019 20:56,3.34,4.2
2/7/2019 21:56,2.34,18.3
2/7/2019 23:56,2.67,217.6
2/8/2019 0:56,3.01,150.2
2/8/2019 1:56,3.01,56.2
2/8/2019 2:56,2.67,43.5
2/8/2019 13:56,2.67,235.9
2/8/2019 15:56,3.34,167.1
2/8/2019 16:56,3.01,193.7
2/8/2019 17:56,7.01,106.7
2/8/2019 18:56,5.68,36.5
2/8/2019 19:56,5.34,346.8
2/8/2019 20:56,4.34,349.6
2/8/2019 21:56,3.34,11.2
2/9/2019 12:56,2.34,183.9
2/9/2019 13:56,2.67,202.2
2/9/2019 14:56,2.67,198
2/9/2019 15:56,6.01,223.2
2/9/2019 16:56,6.35,271
2/9/2019 17:56,3.34,12.6
2/9/2019 19:56,3.67,144.6
2/9/2019 20:56,3.34,137.6
2/10/2019 13:56,2.67,179.7
2/10/2019 14:56,2.67,216.2
2/10/2019 15:56,4.68,188.1
2/10/2019 16:56,5.68,146
2/10/2019 17:56,7.01,134.8
2/10/2019 18:56,7.01,129.2
2/10/2019 19:56,7.01,133.4
2/10/2019 20:56,5.01,141.8
2/10/2019 21:56,2.34,213.4
2/11/2019 13:56,2.67,158.6
2/11/2019 14:56,3.67,192.3
2/11/2019 15:56,4.01,206.4
2/11/2019 16:56,5.01,189.5
2/11/2019 17:56,6.35,186.7
2/11/2019 18:56,5.34,192.3
2/11/2019 19:56,6.35,124.9
2/11/2019 20:56,4.68,132
2/12/2019 12:56,2.67,181.1
2/12/2019 13:56,4.01,175.5
2/12/2019 14:56,4.68,188.1
2/12/2019 15:56,5.34,203.6
2/12/2019 16:56,6.68,186.7
2/12/2019 17:56,7.35,144.6
2/12/2019 18:56,8.02,132
2/12/2019 19:56,6.68,136.2
2/12/2019 20:56,3.01,151.6
2/13/2019 12:56,3.01,198
2/13/2019 13:56,6.68,150.2
2/13/2019 14:56,7.35,150.2
2/13/2019 15:56,7.68,147.4
2/13/2019 16:56,8.02,146
2/13/2019 17:56,7.35,148.8
2/13/2019 18:56,6.68,146
2/13/2019 19:56,5.68,151.6
2/13/2019 20:56,2.67,155.8
2/14/2019 13:56,2.67,183.9
2/14/2019 14:56,2.34,186.7
2/14/2019 15:56,4.01,198
2/14/2019 16:56,5.68,168.5
2/14/2019 17:56,6.35,182.5
2/14/2019 18:56,6.01,169.9
2/14/2019 19:56,6.01,132
2/14/2019 20:56,3.67,133.4
2/15/2019 13:56,3.01,195.1
2/15/2019 14:56,2.34,213.4
2/15/2019 15:56,5.34,212
2/15/2019 16:56,5.68,188.1
2/15/2019 17:56,6.68,155.8
2/15/2019 18:56,6.01,161.5
2/15/2019 19:56,5.01,144.6
2/15/2019 20:56,2.67,126.4
2/16/2019 12:56,2.34,167.1
2/16/2019 13:56,3.01,182.5
2/16/2019 14:56,3.01,207.8
2/16/2019 15:56,5.01,196.5
2/16/2019 16:56,6.68,146
2/16/2019 17:56,7.01,150.2
2/16/2019 18:56,7.35,141.8
2/16/2019 19:56,6.35,157.2
2/16/2019 20:56,4.34,181.1
2/17/2019 12:56,2.34,182.5
2/17/2019 13:56,2.67,207.8
2/17/2019 14:56,2.67,182.5
2/17/2019 15:56,6.35,188.1
2/17/2019 16:56,6.35,154.4
2/17/2019 17:56,6.68,140.4
2/17/2019 18:56,7.35,136.2
2/17/2019 19:56,6.01,146
2/17/2019 20:56,3.01,171.3
2/18/2019 12:56,2.67,171.3
2/18/2019 14:56,4.34,200.8
2/18/2019 15:56,6.01,186.7
2/18/2019 16:56,7.35,130.6
2/18/2019 17:56,7.01,134.8
2/18/2019 18:56,7.68,137.6
2/18/2019 19:56,7.01,140.4
2/18/2019 20:56,4.68,161.5
2/19/2019 13:56,3.01,162.9
2/19/2019 14:56,3.34,146
2/19/2019 15:56,5.01,134.8
2/19/2019 16:56,6.68,141.8
2/19/2019 17:56,6.35,162.9
2/19/2019 18:56,6.35,141.8
2/19/2019 19:56,6.35,133.4
2/19/2019 20:56,3.01,139
2/20/2019 12:56,2.34,165.7
2/20/2019 13:56,4.68,189.5
2/20/2019 14:56,7.01,223.2
2/20/2019 15:56,6.35,228.8
2/20/2019 16:56,6.68,203.6
2/20/2019 17:56,6.68,200.8
2/20/2019 18:56,7.01,207.8
2/20/2019 19:56,6.68,200.8
2/20/2019 20:56,4.34,198
2/20/2019 21:56,2.67,226
2/21/2019 13:56,2.67,198
2/21/2019 14:56,3.34,213.4
2/21/2019 15:56,4.34,168.5
2/21/2019 16:56,6.35,154.4
2/21/2019 17:56,7.01,141.8
2/21/2019 18:56,8.35,133.4
2/21/2019 19:56,6.68,144.6
2/21/2019 20:56,3.34,192.3
2/22/2019 13:56,2.34,206.4
2/22/2019 14:56,2.67,171.3
2/22/2019 15:56,4.01,168.5
2/22/2019 16:56,7.01,157.2
2/22/2019 17:56,8.02,130.6
2/22/2019 18:56,7.68,130.6
2/22/2019 19:56,6.01,133.4
2/22/2019 20:56,2.34,129.2
2/23/2019 13:56,3.34,167.1
2/23/2019 14:56,6.01,140.4
2/23/2019 15:56,7.01,134.8
2/23/2019 16:56,7.35,137.6
2/23/2019 17:56,7.68,134.8
2/23/2019 18:56,7.35,139
2/23/2019 19:56,6.68,141.8
2/23/2019 20:56,2.67,210.6
2/24/2019 14:56,3.67,199.4
2/24/2019 15:56,6.01,132
2/24/2019 16:56,8.02,133.4
2/24/2019 17:56,7.68,136.2
2/24/2019 18:56,7.01,139
2/24/2019 19:56,5.34,144.6
2/24/2019 20:56,3.67,129.2
2/25/2019 14:56,5.34,219
2/25/2019 15:56,6.01,178.3
2/25/2019 16:56,6.35,183.9
2/25/2019 17:56,7.35,182.5
2/25/2019 18:56,6.01,148.8
2/25/2019 19:56,6.01,124.9
2/25/2019 20:56,3.34,122.1
2/26/2019 13:56,2.34,209.2
2/26/2019 14:56,4.68,205
2/26/2019 15:56,7.01,209.2
2/26/2019 16:56,7.01,168.5
2/26/2019 17:56,7.68,168.5
2/26/2019 18:56,8.68,189.5
2/26/2019 19:56,8.02,202.2
2/26/2019 20:56,5.34,202.2
2/26/2019 21:56,2.67,217.6
2/27/2019 4:56,2.34,355.2
2/27/2019 12:56,2.67,157.2
2/27/2019 13:56,2.34,146
2/27/2019 14:56,3.67,179.7
2/27/2019 15:56,6.35,172.7
2/27/2019 16:56,7.35,168.5
2/27/2019 17:56,8.02,189.5
2/27/2019 18:56,6.68,154.4
2/27/2019 19:56,6.68,136.2
2/27/2019 20:56,3.67,139
2/28/2019 12:56,2.34,167.1
2/28/2019 13:56,3.01,168.5
2/28/2019 14:56,3.34,165.7
2/28/2019 15:56,2.34,202.2
2/28/2019 16:56,4.34,189.5
2/28/2019 17:56,6.68,172.7
2/28/2019 18:56,6.68,165.7
2/28/2019 19:56,6.35,136.2
2/28/2019 20:56,4.01,148.8
3/1/2019 12:56,2.67,182.5
3/1/2019 13:56,3.01,196.5
3/1/2019 14:56,3.67,221.8
3/1/2019 15:56,6.35,200.8
3/1/2019 16:56,7.01,190.9
3/1/2019 17:56,6.68,154.4
3/1/2019 18:56,7.01,134.8
3/1/2019 19:56,6.68,130.6
3/1/2019 20:56,4.01,139
3/2/2019 12:56,2.34,182.5
3/2/2019 13:56,3.01,178.3
3/2/2019 14:56,6.35,217.6
3/2/2019 15:56,6.35,220.4
3/2/2019 16:56,6.01,189.5
3/2/2019 17:56,7.35,196.5
3/2/2019 18:56,7.01,200.8
3/2/2019 19:56,5.34,164.3
3/3/2019 12:56,2.34,174.1
3/3/2019 13:56,3.67,178.3
3/3/2019 14:56,4.34,171.3
3/3/2019 15:56,4.34,220.4
3/3/2019 16:56,5.34,206.4
3/3/2019 17:56,6.35,179.7
3/3/2019 18:56,6.35,172.7
3/3/2019 19:56,5.34,167.1
3/3/2019 20:56,3.01,134.8
3/4/2019 12:56,2.67,176.9
3/4/2019 13:56,2.67,178.3
3/4/2019 14:56,5.34,193.7
3/4/2019 15:56,6.68,205
3/4/2019 16:56,6.01,198
3/4/2019 17:56,6.68,179.7
3/4/2019 18:56,6.68,182.5
3/4/2019 19:56,5.01,160
3/4/2019 20:56,2.34,168.5
3/5/2019 13:56,3.67,193.7
3/5/2019 14:56,5.68,179.7
3/5/2019 15:56,5.68,192.3
3/5/2019 16:56,6.01,192.3
3/5/2019 17:56,7.01,185.3
3/5/2019 18:56,7.01,137.6
3/5/2019 19:56,6.35,134.8
3/5/2019 20:56,3.01,115.1
3/6/2019 12:56,3.34,155.8
3/6/2019 13:56,4.68,196.5
3/6/2019 14:56,5.68,216.2
3/6/2019 15:56,5.68,207.8
3/6/2019 16:56,5.34,179.7
3/6/2019 17:56,6.01,199.4
3/6/2019 18:56,6.01,199.4
3/6/2019 19:56,6.35,203.6
3/6/2019 20:56,3.34,212
3/7/2019 13:56,2.34,162.9
3/7/2019 14:56,3.34,219
3/7/2019 15:56,4.68,221.8
3/7/2019 16:56,5.34,207.8
3/7/2019 17:56,6.01,190.9
3/7/2019 18:56,6.68,196.5
3/7/2019 19:56,6.35,195.1
3/7/2019 20:56,3.67,205
3/7/2019 21:56,2.67,127.8
3/8/2019 12:56,2.67,169.9
3/8/2019 13:56,4.01,183.9
3/8/2019 14:56,4.34,224.6
3/8/2019 15:56,5.34,237.3
3/8/2019 16:56,6.01,235.9
3/8/2019 17:56,6.68,205
3/8/2019 18:56,5.01,202.2
3/8/2019 19:56,4.01,185.3
3/8/2019 20:56,2.34,226
3/9/2019 13:56,5.01,210.6
3/9/2019 14:56,6.35,237.3
3/9/2019 15:56,6.35,231.6
3/9/2019 16:56,7.35,221.8
3/9/2019 17:56,7.68,206.4
3/9/2019 18:56,7.68,220.4
3/9/2019 19:56,7.01,230.2
3/9/2019 20:56,4.68,242.9
3/9/2019 21:56,2.67,268.1
3/10/2019 12:56,4.01,182.5
3/10/2019 13:56,6.68,212
3/10/2019 14:56,7.35,220.4
3/10/2019 15:56,8.02,219
3/10/2019 16:56,9.02,196.5
3/10/2019 17:56,8.35,183.9
3/10/2019 18:56,7.35,185.3
3/10/2019 19:56,5.01,202.2
3/10/2019 20:56,4.01,213.4
3/10/2019 22:56,2.67,98.3
3/11/2019 11:56,2.67,120.7
3/11/2019 12:56,6.68,210.6
3/11/2019 13:56,7.35,212
3/11/2019 14:56,8.68,216.2
3/11/2019 15:56,8.35,192.3
3/11/2019 16:56,8.68,189.5
3/11/2019 17:56,7.68,199.4
3/11/2019 18:56,7.01,200.8
3/11/2019 19:56,5.68,192.3
3/12/2019 13:56,4.34,212
3/12/2019 14:56,6.68,220.4
3/12/2019 15:56,7.01,198
3/12/2019 16:56,8.35,193.7
3/12/2019 17:56,8.02,183.9
3/12/2019 18:56,7.01,189.5
3/12/2019 19:56,5.01,189.5
3/13/2019 13:56,4.01,193.7
3/13/2019 14:56,5.68,202.2
3/13/2019 15:56,5.68,188.1
3/13/2019 16:56,5.68,186.7
3/13/2019 17:56,6.01,196.5
3/13/2019 18:56,6.35,189.5
3/13/2019 19:56,5.68,190.9
3/13/2019 20:56,2.34,183.9
3/14/2019 13:56,4.68,171.3
3/14/2019 14:56,5.68,210.6
3/14/2019 15:56,5.34,219
3/14/2019 16:56,6.68,228.8
3/14/2019 17:56,8.35,193.7
3/14/2019 18:56,7.01,188.1
3/14/2019 19:56,6.35,190.9
3/15/2019 12:56,4.34,202.2
3/15/2019 13:56,6.35,210.6
3/15/2019 14:56,6.01,221.8
3/15/2019 15:56,6.01,219
3/15/2019 16:56,7.01,217.6
3/15/2019 17:56,7.68,200.8
3/15/2019 18:56,7.01,183.9
3/15/2019 19:56,5.34,190.9
3/16/2019 13:56,3.34,176.9
3/16/2019 14:56,4.01,209.2
3/16/2019 15:56,4.34,216.2
3/16/2019 16:56,5.68,213.4
3/16/2019 17:56,6.01,209.2
3/16/2019 18:56,6.68,198
3/16/2019 19:56,6.68,185.3
3/16/2019 20:56,2.67,134.8
3/17/2019 0:56,2.34,348.2
3/17/2019 14:56,3.01,199.4
3/17/2019 15:56,5.34,176.9
3/17/2019 16:56,5.34,134.8
3/17/2019 17:56,6.01,161.5
3/17/2019 18:56,5.68,162.9
3/17/2019 19:56,5.01,134.8
3/18/2019 12:56,2.34,141.8
3/18/2019 13:56,4.68,183.9
3/18/2019 14:56,5.34,227.4
3/18/2019 15:56,6.01,219
3/18/2019 16:56,5.34,190.9
3/18/2019 17:56,6.01,192.3
3/18/2019 18:56,6.01,165.7
3/18/2019 19:56,5.34,139
3/18/2019 20:56,2.34,133.4
3/19/2019 13:56,2.67,181.1
3/19/2019 14:56,3.67,230.2
3/19/2019 15:56,6.35,210.6
3/19/2019 16:56,6.35,182.5
3/19/2019 17:56,7.01,186.7
3/19/2019 18:56,7.01,154.4
3/19/2019 19:56,4.68,127.8
3/20/2019 13:56,2.34,199.4
3/20/2019 14:56,3.34,143.2
3/20/2019 15:56,6.35,137.6
3/20/2019 16:56,6.01,151.6
3/20/2019 17:56,6.35,146
3/20/2019 18:56,5.68,133.4
3/20/2019 19:56,4.01,140.4
3/21/2019 14:56,3.67,214.8
3/21/2019 15:56,6.35,219
3/21/2019 16:56,7.01,200.8
3/21/2019 17:56,6.01,179.7
3/21/2019 18:56,5.68,148.8
3/21/2019 19:56,5.01,129.2
3/22/2019 13:56,2.67,185.3
3/22/2019 14:56,2.67,205
3/22/2019 15:56,6.35,209.2
3/22/2019 16:56,6.35,182.5
3/22/2019 17:56,6.68,161.5
3/22/2019 18:56,6.68,129.2
3/22/2019 19:56,5.01,133.4
3/23/2019 13:56,3.01,165.7
3/23/2019 14:56,2.67,189.5
3/23/2019 15:56,5.34,202.2
3/23/2019 16:56,6.68,176.9
3/23/2019 17:56,7.68,134.8
3/23/2019 18:56,7.01,126.4
3/23/2019 19:56,5.01,129.2
3/23/2019 22:56,2.34,355.2
3/24/2019 13:56,2.34,178.3
3/24/2019 14:56,3.01,185.3
3/24/2019 15:56,5.34,137.6
3/24/2019 16:56,7.68,130.6
3/24/2019 17:56,7.35,127.8
3/24/2019 18:56,6.68,126.4
3/24/2019 19:56,4.68,133.4
3/25/2019 14:56,3.01,235.9
3/25/2019 15:56,5.34,224.6
3/25/2019 16:56,5.01,217.6
3/25/2019 17:56,5.34,183.9
3/25/2019 18:56,6.01,189.5
3/25/2019 19:56,4.68,188.1
3/25/2019 23:56,2.67,19.7
3/26/2019 13:56,3.67,161.5
3/26/2019 14:56,5.34,226
3/26/2019 15:56,5.68,219
3/26/2019 16:56,6.01,219
3/26/2019 17:56,6.01,226
3/26/2019 18:56,6.35,198
3/26/2019 19:56,4.68,175.5
3/27/2019 12:56,3.01,129.2
3/27/2019 13:56,7.35,235.9
3/27/2019 14:56,7.68,230.2
3/27/2019 15:56,8.35,224.6
3/27/2019 16:56,8.68,223.2
3/27/2019 17:56,8.35,221.8
3/27/2019 18:56,7.68,226
3/27/2019 19:56,5.68,231.6
3/28/2019 12:56,3.67,171.3
3/28/2019 13:56,6.68,217.6
3/28/2019 14:56,6.35,230.2
3/28/2019 15:56,7.01,220.4
3/28/2019 16:56,7.01,223.2
3/28/2019 17:56,7.35,202.2
3/28/2019 18:56,6.68,189.5
3/28/2019 19:56,3.01,183.9
3/28/2019 22:56,2.67,345.4
3/29/2019 15:56,3.67,212
3/29/2019 16:56,4.68,213.4
3/29/2019 17:56,3.01,172.7
3/29/2019 18:56,4.01,169.9
3/30/2019 12:56,3.67,154.4
3/30/2019 13:56,8.02,223.2
3/30/2019 14:56,9.02,224.6
3/30/2019 15:56,9.02,233.1
3/30/2019 16:56,8.02,228.8
3/30/2019 17:56,8.02,198
3/30/2019 18:56,6.68,193.7
3/30/2019 19:56,3.01,209.2
3/31/2019 12:56,2.34,122.1
3/31/2019 13:56,5.68,219
3/31/2019 14:56,7.01,198
3/31/2019 15:56,8.35,182.5
3/31/2019 16:56,7.01,176.9
3/31/2019 17:56,6.01,190.9
3/31/2019 18:56,5.68,192.3
3/31/2019 19:56,3.67,190.9
4/1/2019 12:56,4.68,195.1
4/1/2019 13:56,8.68,226
4/1/2019 14:56,8.68,231.6
4/1/2019 15:56,9.02,226
4/1/2019 16:56,9.68,227.4
4/1/2019 17:56,9.68,226
4/1/2019 18:56,8.35,228.8
4/1/2019 19:56,6.01,230.2
4/1/2019 20:56,4.01,242.9
4/1/2019 21:56,3.34,244.3
4/2/2019 11:56,3.01,181.1
4/2/2019 12:56,7.01,252.7
4/2/2019 13:56,7.01,248.5
4/2/2019 14:56,7.01,245.7
4/2/2019 15:56,6.35,240.1
4/2/2019 16:56,8.35,228.8
4/2/2019 17:56,8.68,210.6
4/2/2019 18:56,7.35,235.9
4/2/2019 19:56,4.68,228.8
4/2/2019 21:56,2.67,241.5
4/3/2019 12:56,2.34,153
4/3/2019 13:56,3.01,169.9
4/3/2019 14:56,6.35,209.2
4/3/2019 15:56,7.01,217.6
4/3/2019 16:56,6.68,217.6
4/3/2019 17:56,9.02,219
4/3/2019 18:56,6.35,207.8
4/3/2019 19:56,2.34,193.7
4/3/2019 20:56,2.34,178.3
4/3/2019 22:56,4.01,11.2
4/4/2019 13:56,2.34,91.3
4/4/2019 14:56,2.34,153
4/4/2019 15:56,3.01,240.1
4/4/2019 16:56,4.34,209.2
4/4/2019 17:56,4.68,205
4/4/2019 18:56,7.68,240.1
4/4/2019 19:56,8.02,223.2
4/4/2019 20:56,7.35,233.1
4/4/2019 21:56,3.34,61.8
4/5/2019 13:56,4.68,231.6
4/5/2019 14:56,6.68,216.2
4/5/2019 15:56,7.01,220.4
4/5/2019 16:56,7.01,223.2
4/5/2019 17:56,7.01,226
4/5/2019 18:56,8.35,192.3
4/5/2019 19:56,4.68,189.5
4/5/2019 20:56,2.34,134.8
4/6/2019 13:56,2.67,190.9
4/6/2019 14:56,4.01,186.7
4/6/2019 15:56,4.01,209.2
4/6/2019 16:56,4.01,220.4
4/6/2019 17:56,3.67,205
4/6/2019 18:56,5.34,193.7
4/6/2019 19:56,3.01,186.7
4/7/2019 13:56,2.34,154.4
4/7/2019 14:56,3.01,186.7
4/7/2019 15:56,5.34,213.4
4/7/2019 16:56,5.34,226
4/7/2019 17:56,5.34,213.4
4/7/2019 18:56,5.34,189.5
4/7/2019 19:56,3.34,202.2
4/8/2019 13:56,2.34,162.9
4/8/2019 14:56,3.67,171.3
4/8/2019 15:56,5.01,214.8
4/8/2019 16:56,4.34,224.6
4/8/2019 17:56,5.68,190.9
4/8/2019 18:56,6.01,195.1
4/8/2019 19:56,3.34,207.8
4/8/2019 20:56,2.34,219
4/9/2019 15:56,4.01,198
4/9/2019 16:56,5.01,209.2
4/9/2019 17:56,4.34,209.2
4/9/2019 18:56,4.68,174.1
4/9/2019 19:56,4.01,119.3
4/10/2019 13:56,2.34,185.3
4/10/2019 14:56,2.34,169.9
4/10/2019 15:56,2.34,213.4
4/10/2019 16:56,4.34,195.1
4/10/2019 17:56,5.68,154.4
4/10/2019 18:56,6.01,129.2
4/10/2019 19:56,4.34,134.8
4/11/2019 13:56,2.34,150.2
4/11/2019 14:56,4.34,200.8
4/11/2019 15:56,5.01,203.6
4/11/2019 16:56,5.68,207.8
4/11/2019 17:56,6.35,196.5
4/11/2019 18:56,6.01,199.4
4/11/2019 19:56,3.67,202.2
4/12/2019 13:56,3.67,207.8
4/12/2019 14:56,5.68,202.2
4/12/2019 15:56,5.68,233.1
4/12/2019 16:56,7.35,200.8
4/12/2019 17:56,7.68,189.5
4/12/2019 18:56,6.35,192.3
4/12/2019 19:56,3.34,202.2
4/13/2019 13:56,2.67,157.2
4/13/2019 14:56,3.34,165.7
4/13/2019 15:56,4.68,206.4
4/13/2019 16:56,5.34,230.2
4/13/2019 17:56,5.68,217.6
4/13/2019 18:56,6.35,192.3
4/13/2019 19:56,3.01,205
4/14/2019 14:56,2.67,190.9
4/14/2019 15:56,3.67,207.8
4/14/2019 16:56,5.68,203.6
4/14/2019 17:56,5.68,168.5
4/14/2019 18:56,5.34,172.7
4/14/2019 19:56,3.01,181.1
4/15/2019 15:56,2.34,209.2
4/15/2019 17:56,4.68,136.2
4/15/2019 18:56,4.01,127.8
4/15/2019 22:56,2.67,353.8
4/16/2019 15:56,2.67,186.7
4/16/2019 16:56,4.34,213.4
4/16/2019 17:56,5.68,209.2
4/16/2019 18:56,4.68,176.9
4/17/2019 13:56,2.34,155.8
4/17/2019 14:56,4.01,182.5
4/17/2019 15:56,4.68,219
4/17/2019 16:56,5.34,217.6
4/17/2019 17:56,5.68,206.4
4/17/2019 18:56,5.34,199.4
4/17/2019 22:56,2.34,346.8
4/18/2019 15:56,6.35,212
4/18/2019 16:56,7.01,199.4
4/18/2019 17:56,6.01,189.5
4/18/2019 18:56,4.01,171.3
4/19/2019 15:56,2.34,132
4/19/2019 16:56,5.34,129.2
4/19/2019 17:56,6.35,124.9
4/19/2019 18:56,4.68,127.8
4/20/2019 15:56,5.01,188.1
4/20/2019 16:56,6.68,189.5
4/20/2019 17:56,5.34,154.4
4/20/2019 18:56,5.68,123.5
4/21/2019 14:56,6.01,217.6
4/21/2019 15:56,7.68,185.3
4/21/2019 16:56,7.35,188.1
4/21/2019 17:56,7.01,193.7
4/21/2019 18:56,5.68,195.1
4/21/2019 19:56,2.34,181.1
4/22/2019 12:56,2.67,171.3
4/22/2019 13:56,6.68,221.8
4/22/2019 14:56,7.01,223.2
4/22/2019 15:56,7.35,223.2
4/22/2019 16:56,7.35,200.8
4/22/2019 17:56,7.35,198
4/22/2019 18:56,6.01,186.7
4/23/2019 13:56,5.01,189.5
4/23/2019 14:56,7.68,220.4
4/23/2019 15:56,7.68,221.8
4/23/2019 16:56,7.01,233.1
4/23/2019 17:56,6.35,233.1
4/23/2019 18:56,5.68,226
4/23/2019 19:56,4.68,237.3
4/23/2019 23:56,2.67,18.3
4/24/2019 10:56,6.01,230.2
4/24/2019 11:56,8.35,227.4
4/24/2019 12:56,10.02,238.7
4/24/2019 13:56,10.69,235.9
4/24/2019 14:56,11.02,235.9
4/24/2019 15:56,10.35,231.6
4/24/2019 16:56,9.35,226
4/24/2019 17:56,8.68,230.2
4/24/2019 18:56,6.68,228.8
4/24/2019 19:56,3.34,238.7
4/25/2019 12:56,5.68,185.3
4/25/2019 13:56,9.35,237.3
4/25/2019 14:56,10.02,235.9
4/25/2019 15:56,10.35,231.6
4/25/2019 16:56,10.02,230.2
4/25/2019 17:56,9.35,224.6
4/25/2019 18:56,8.02,223.2
4/25/2019 19:56,4.68,240.1
4/25/2019 20:56,4.01,258.3
4/25/2019 21:56,3.01,214.8
4/25/2019 22:56,4.01,101.1
4/25/2019 23:56,2.34,92.7
4/26/2019 11:56,4.68,233.1
4/26/2019 12:56,8.02,220.4
4/26/2019 13:56,7.68,228.8
4/26/2019 14:56,8.68,230.2
4/26/2019 15:56,8.68,226
4/26/2019 16:56,9.02,228.8
4/26/2019 17:56,8.02,231.6
4/26/2019 18:56,7.01,207.8
4/26/2019 19:56,3.67,212
4/27/2019 14:56,2.34,169.9
4/27/2019 16:56,2.67,209.2
4/27/2019 17:56,4.01,214.8
4/27/2019 18:56,4.01,216.2
4/28/2019 16:56,2.67,193.7
4/28/2019 17:56,5.01,157.2
4/28/2019 18:56,4.01,141.8
4/29/2019 15:56,4.68,207.8
4/29/2019 16:56,6.68,214.8
4/29/2019 17:56,6.35,202.2
4/29/2019 18:56,5.01,205
4/30/2019 13:56,6.35,221.8
4/30/2019 14:56,6.68,217.6
4/30/2019 15:56,7.01,217.6
4/30/2019 16:56,8.02,198
4/30/2019 17:56,6.68,186.7
4/30/2019 18:56,4.68,176.9
5/1/2019 14:56,2.34,161.5
5/1/2019 15:56,3.01,164.3
5/1/2019 16:56,4.01,209.2
5/1/2019 17:56,3.67,206.4
5/1/2019 18:56,4.01,209.2
5/2/2019 16:56,2.34,137.6
5/2/2019 17:56,5.01,130.6
5/2/2019 18:56,4.68,130.6
5/3/2019 15:56,2.67,181.1
5/3/2019 16:56,5.34,140.4
5/3/2019 17:56,5.68,134.8
5/3/2019 18:56,3.67,144.6
5/4/2019 14:56,3.67,174.1
5/4/2019 15:56,4.68,212
5/4/2019 16:56,5.01,206.4
5/4/2019 17:56,6.01,192.3
5/4/2019 18:56,4.68,188.1
5/5/2019 14:56,4.01,181.1
5/5/2019 15:56,5.34,221.8
5/5/2019 16:56,5.01,202.2
5/5/2019 17:56,4.68,207.8
5/5/2019 18:56,3.67,199.4
5/6/2019 15:56,4.34,206.4
5/6/2019 16:56,5.68,193.7
5/6/2019 17:56,5.34,183.9
5/7/2019 13:56,4.34,219
5/7/2019 14:56,5.34,219
5/7/2019 15:56,6.35,216.2
5/7/2019 16:56,6.68,200.8
5/7/2019 17:56,6.35,196.5
5/7/2019 18:56,5.34,193.7
5/7/2019 19:56,2.67,203.6
5/8/2019 13:56,4.68,195.1
5/8/2019 14:56,7.68,226
5/8/2019 15:56,8.02,231.6
5/8/2019 16:56,8.35,224.6
5/8/2019 17:56,7.68,214.8
5/8/2019 18:56,6.01,198
5/8/2019 19:56,4.01,213.4
5/8/2019 20:56,3.67,242.9
5/8/2019 21:56,3.34,249.9
5/9/2019 7:56,2.34,120.7
5/9/2019 8:56,3.01,108.1
5/9/2019 9:56,3.01,106.7
5/9/2019 10:56,3.67,127.8
5/9/2019 11:56,8.02,223.2
5/9/2019 12:56,9.35,231.6
5/9/2019 13:56,10.02,230.2
5/9/2019 14:56,10.69,226
5/9/2019 15:56,10.35,224.6
5/9/2019 16:56,9.68,226
5/9/2019 17:56,8.35,231.6
5/9/2019 18:56,7.01,237.3
5/9/2019 19:56,5.34,240.1
5/9/2019 20:56,3.01,240.1
5/9/2019 22:56,2.34,213.4
5/9/2019 23:56,3.01,103.9
5/10/2019 0:56,2.67,102.5
5/10/2019 1:56,2.34,99.7
5/10/2019 2:56,2.67,109.5
5/10/2019 3:56,2.67,115.1
5/10/2019 4:56,3.01,113.7
5/10/2019 8:56,2.34,113.7
5/10/2019 9:56,2.34,95.5
5/10/2019 10:56,3.01,147.4
5/10/2019 11:56,8.68,237.3
5/10/2019 12:56,10.02,235.9
5/10/2019 13:56,11.69,234.5
5/10/2019 14:56,12.02,233.1
5/10/2019 15:56,12.02,226
5/10/2019 16:56,10.69,227.4
5/10/2019 17:56,10.69,233.1
5/10/2019 18:56,9.68,238.7
5/10/2019 19:56,8.02,233.1
5/10/2019 20:56,6.35,240.1
5/10/2019 21:56,5.68,249.9
5/10/2019 22:56,8.35,258.3
5/10/2019 23:56,7.68,256.9
5/11/2019 0:56,5.01,251.3
5/11/2019 1:56,3.34,216.2
5/11/2019 4:56,2.67,108.1
5/11/2019 5:56,3.34,103.9
5/11/2019 11:56,3.01,123.5
5/11/2019 12:56,7.01,209.2
5/11/2019 13:56,6.35,206.4
5/11/2019 14:56,4.68,199.4
5/11/2019 15:56,3.34,185.3
5/11/2019 16:56,2.67,122.1
5/12/2019 15:56,3.67,178.3
5/12/2019 16:56,4.01,205
5/12/2019 17:56,4.68,213.4
5/12/2019 18:56,3.67,214.8
5/13/2019 15:56,3.34,172.7
5/13/2019 16:56,4.34,195.1
5/13/2019 17:56,4.68,207.8
5/13/2019 18:56,4.01,221.8
5/13/2019 19:56,3.01,233.1
5/14/2019 14:56,5.01,206.4
5/14/2019 15:56,5.34,220.4
5/14/2019 16:56,6.35,217.6
5/14/2019 17:56,5.68,223.2
5/14/2019 18:56,4.68,217.6
5/15/2019 14:56,2.34,144.6
5/15/2019 15:56,4.34,174.1
5/15/2019 16:56,4.01,205
5/15/2019 17:56,3.34,216.2
5/15/2019 18:56,3.67,212
5/15/2019 19:56,4.01,214.8
5/15/2019 20:56,2.67,143.2
5/16/2019 15:56,3.67,182.5
5/16/2019 16:56,4.34,210.6
5/16/2019 17:56,4.34,226
5/16/2019 18:56,4.34,224.6
5/16/2019 19:56,3.01,220.4
5/17/2019 14:56,3.01,134.8
5/17/2019 15:56,4.34,209.2
5/17/2019 16:56,5.68,230.2
5/17/2019 17:56,6.01,227.4
5/17/2019 18:56,6.01,188.1
5/17/2019 19:56,3.01,207.8
5/18/2019 14:56,3.67,205
5/18/2019 15:56,5.34,223.2
5/18/2019 16:56,6.35,224.6
5/18/2019 17:56,6.35,209.2
5/18/2019 18:56,4.34,192.3
5/18/2019 23:56,2.34,106.7
5/19/2019 13:56,4.68,224.6
5/19/2019 14:56,6.01,226
5/19/2019 15:56,7.35,226
5/19/2019 16:56,8.35,213.4
5/19/2019 17:56,7.35,219
5/19/2019 18:56,6.68,233.1
5/19/2019 19:56,3.67,235.9
5/19/2019 20:56,3.34,252.7
5/19/2019 21:56,3.01,214.8
5/20/2019 0:56,2.34,110.9
5/20/2019 2:56,2.34,101.1
5/20/2019 3:56,2.67,98.3
5/20/2019 4:56,2.34,110.9
5/20/2019 9:56,3.01,112.3
5/20/2019 10:56,2.34,120.7
5/20/2019 11:56,7.01,227.4
5/20/2019 12:56,8.35,227.4
5/20/2019 13:56,11.35,227.4
5/20/2019 14:56,11.69,224.6
5/20/2019 15:56,11.35,226
5/20/2019 16:56,10.35,226
5/20/2019 17:56,9.35,221.8
5/20/2019 18:56,7.01,220.4
5/20/2019 19:56,4.34,226
5/20/2019 20:56,3.01,235.9
5/20/2019 21:56,3.34,238.7
5/20/2019 22:56,3.67,251.3
5/20/2019 23:56,5.01,256.9
5/21/2019 0:56,3.34,214.8
5/21/2019 1:56,2.67,99.7
5/21/2019 12:56,8.02,230.2
5/21/2019 13:56,10.69,228.8
5/21/2019 14:56,10.69,228.8
5/21/2019 15:56,11.35,217.6
5/21/2019 16:56,10.69,214.8
5/21/2019 17:56,9.68,214.8
5/21/2019 18:56,8.35,221.8
5/21/2019 19:56,5.68,224.6
5/21/2019 22:56,3.01,102.5
5/21/2019 23:56,2.34,101.1
5/22/2019 0:56,2.67,94.1
5/22/2019 3:56,3.67,108.1
5/22/2019 4:56,3.67,101.1
5/22/2019 6:56,2.34,105.3
5/22/2019 11:56,6.01,205
5/22/2019 12:56,8.35,233.1
5/22/2019 13:56,9.35,233.1
5/22/2019 14:56,10.35,228.8
5/22/2019 15:56,10.02,226
5/22/2019 16:56,9.35,207.8
5/22/2019 17:56,8.35,213.4
5/22/2019 18:56,6.35,198
5/22/2019 19:56,3.01,189.5
5/22/2019 20:56,2.34,122.1
5/22/2019 21:56,2.34,130.6
5/23/2019 14:56,2.34,122.1
5/23/2019 15:56,3.34,193.7
5/23/2019 16:56,4.01,209.2
5/23/2019 17:56,4.34,213.4
5/23/2019 18:56,2.67,228.8
5/24/2019 15:56,3.34,154.4
5/24/2019 16:56,5.68,219
5/24/2019 17:56,5.01,230.2
5/24/2019 18:56,4.01,230.2
5/25/2019 6:56,2.34,59
5/25/2019 12:56,2.34,115.1
5/25/2019 13:56,6.68,228.8
5/25/2019 14:56,7.68,230.2
5/25/2019 15:56,8.02,230.2
5/25/2019 16:56,9.02,224.6
5/25/2019 17:56,8.35,231.6
5/25/2019 18:56,7.35,230.2
5/25/2019 19:56,4.34,233.1
5/25/2019 23:56,2.34,178.3
5/26/2019 0:56,3.01,217.6
5/26/2019 1:56,2.67,217.6
5/26/2019 2:56,2.67,139
5/26/2019 3:56,2.34,91.3
5/26/2019 5:56,2.34,85.6
5/26/2019 7:56,2.34,102.5
5/26/2019 8:56,2.67,94.1
5/26/2019 9:56,2.67,94.1
5/26/2019 10:56,4.01,198
5/26/2019 11:56,7.01,223.2
5/26/2019 12:56,9.02,226
5/26/2019 13:56,10.02,227.4
5/26/2019 14:56,10.69,231.6
5/26/2019 15:56,10.69,230.2
5/26/2019 16:56,11.35,231.6
5/26/2019 17:56,10.02,230.2
5/26/2019 18:56,8.68,228.8
5/26/2019 19:56,7.01,224.6
5/26/2019 20:56,6.35,231.6
5/26/2019 21:56,5.01,244.3
5/26/2019 22:56,4.68,241.5
5/26/2019 23:56,6.01,247.1
5/27/2019 0:56,7.01,251.3
5/27/2019 1:56,6.01,242.9
5/27/2019 2:56,5.01,231.6
5/27/2019 3:56,7.01,217.6
5/27/2019 4:56,10.02,220.4
5/27/2019 5:56,8.35,227.4
5/27/2019 6:56,6.68,224.6
5/27/2019 7:56,7.68,213.4
5/27/2019 8:56,6.01,220.4
5/27/2019 9:56,7.01,244.3
5/27/2019 10:56,8.02,228.8
5/27/2019 11:56,11.02,234.5
5/27/2019 12:56,12.02,231.6
5/27/2019 13:56,13.02,235.9
5/27/2019 14:56,12.69,234.5
5/27/2019 15:56,12.36,230.2
5/27/2019 16:56,11.69,228.8
5/27/2019 17:56,11.35,227.4
5/27/2019 18:56,9.35,227.4
5/27/2019 19:56,8.02,228.8
5/27/2019 20:56,6.01,228.8
5/27/2019 21:56,4.34,226
5/27/2019 22:56,5.01,214.8
5/27/2019 23:56,3.67,213.4
5/28/2019 0:56,3.01,213.4
5/28/2019 3:56,2.34,96.9
5/28/2019 4:56,2.34,95.5
5/28/2019 8:56,2.34,102.5
5/28/2019 9:56,2.67,106.7
5/28/2019 10:56,2.67,112.3
5/28/2019 11:56,4.68,198
5/28/2019 12:56,6.68,214.8
5/28/2019 13:56,7.35,228.8
5/28/2019 14:56,8.35,233.1
5/28/2019 15:56,9.02,234.5
5/28/2019 16:56,8.35,234.5
5/28/2019 17:56,8.35,233.1
5/28/2019 18:56,6.68,227.4
5/28/2019 19:56,4.34,226
5/28/2019 20:56,3.67,230.2
5/28/2019 21:56,3.67,235.9
5/28/2019 22:56,2.67,230.2
5/28/2019 23:56,3.34,182.5
5/29/2019 0:56,3.01,108.1
5/29/2019 11:56,3.67,144.6
5/29/2019 12:56,9.02,235.9
5/29/2019 13:56,10.35,233.1
5/29/2019 14:56,11.35,227.4
5/29/2019 15:56,11.69,231.6
5/29/2019 16:56,11.69,226
5/29/2019 17:56,10.69,227.4
5/29/2019 18:56,9.02,233.1
5/29/2019 19:56,6.35,237.3
5/29/2019 20:56,4.01,237.3
5/29/2019 21:56,3.34,230.2
5/29/2019 22:56,4.01,235.9
5/29/2019 23:56,4.01,227.4
5/30/2019 0:56,4.34,227.4
5/30/2019 1:56,3.34,209.2
5/30/2019 3:56,2.34,133.4
5/30/2019 4:56,2.67,122.1
5/30/2019 5:56,2.34,115.1
5/30/2019 6:56,3.01,113.7
5/30/2019 7:56,3.34,102.5
5/30/2019 8:56,3.67,103.9
5/30/2019 9:56,3.34,103.9
5/30/2019 10:56,3.67,124.9
5/30/2019 11:56,7.35,217.6
5/30/2019 12:56,9.35,227.4
5/30/2019 13:56,11.35,224.6
5/30/2019 14:56,12.02,223.2
5/30/2019 15:56,12.02,221.8
5/30/2019 16:56,12.02,227.4
5/30/2019 17:56,10.02,227.4
5/30/2019 18:56,8.68,233.1
5/30/2019 19:56,4.68,226
5/30/2019 23:56,3.01,203.6
5/31/2019 0:56,2.34,147.4
5/31/2019 1:56,2.67,112.3
5/31/2019 2:56,3.01,101.1
5/31/2019 3:56,2.67,88.4
5/31/2019 4:56,2.34,99.7
5/31/2019 5:56,2.34,103.9
5/31/2019 9:56,2.34,102.5
5/31/2019 10:56,2.34,103.9
5/31/2019 11:56,6.35,206.4
5/31/2019 12:56,9.02,230.2
5/31/2019 13:56,10.69,231.6
5/31/2019 14:56,10.69,228.8
5/31/2019 15:56,10.35,226
5/31/2019 16:56,9.68,227.4
5/31/2019 17:56,8.35,234.5
5/31/2019 18:56,7.35,235.9
5/31/2019 19:56,5.34,233.1
5/31/2019 20:56,5.68,226
5/31/2019 21:56,5.68,223.2
5/31/2019 22:56,5.01,227.4
5/31/2019 23:56,3.34,196.5
6/1/2019 0:56,2.34,158.6
6/1/2019 1:56,5.34,220.4
6/1/2019 2:56,4.34,224.6
6/1/2019 3:56,3.67,137.6
6/1/2019 4:56,4.01,99.7
6/1/2019 5:56,3.67,102.5
6/1/2019 6:56,3.01,91.3
6/1/2019 7:56,3.01,101.1
6/1/2019 10:56,3.34,106.7
6/1/2019 11:56,5.34,213.4
6/1/2019 12:56,7.68,230.2
6/1/2019 13:56,8.02,230.2
6/1/2019 14:56,8.35,230.2
6/1/2019 15:56,8.02,227.4
6/1/2019 16:56,7.68,200.8
6/1/2019 17:56,6.68,195.1
6/1/2019 18:56,6.01,199.4
6/1/2019 19:56,3.01,188.1
6/1/2019 21:56,3.01,285
6/1/2019 22:56,3.01,271
6/1/2019 23:56,2.34,106.7
6/4/2019 17:56,3.34,154.4
6/4/2019 18:56,3.34,127.8
6/5/2019 17:56,2.67,140.4
6/6/2019 16:56,3.01,146
6/6/2019 17:56,4.68,124.9
6/6/2019 18:56,2.67,112.3
6/7/2019 16:56,3.67,150.2
6/7/2019 17:56,4.68,176.9
6/7/2019 18:56,2.67,198
6/8/2019 15:56,4.68,207.8
6/8/2019 16:56,5.68,216.2
6/8/2019 17:56,5.34,216.2
6/8/2019 18:56,2.67,205
6/9/2019 15:56,2.67,200.8
6/9/2019 16:56,5.34,185.3
6/9/2019 17:56,4.68,176.9
6/9/2019 18:56,2.34,158.6
6/10/2019 14:56,5.01,210.6
6/10/2019 15:56,6.68,213.4
6/10/2019 16:56,7.35,200.8
6/10/2019 17:56,6.01,196.5
6/10/2019 18:56,2.34,185.3
6/11/2019 13:56,7.01,237.3
6/11/2019 14:56,8.02,230.2
6/11/2019 15:56,9.02,233.1
6/11/2019 16:56,9.02,230.2
6/11/2019 17:56,8.35,228.8
6/11/2019 18:56,6.35,224.6
6/11/2019 19:56,4.01,234.5
6/11/2019 23:56,2.34,168.5
6/12/2019 0:56,2.34,110.9
6/12/2019 1:56,2.67,110.9
6/12/2019 2:56,2.34,106.7
6/12/2019 3:56,3.01,106.7
6/12/2019 11:56,2.34,119.3
6/12/2019 12:56,8.68,234.5
6/12/2019 13:56,11.02,231.6
6/12/2019 14:56,11.35,230.2
6/12/2019 15:56,10.35,231.6
6/12/2019 16:56,10.02,228.8
6/12/2019 17:56,9.02,230.2
6/12/2019 18:56,7.68,233.1
6/12/2019 19:56,4.68,240.1
6/12/2019 20:56,2.67,238.7
6/12/2019 21:56,4.01,230.2
6/12/2019 22:56,5.34,244.3
6/12/2019 23:56,6.01,247.1
6/13/2019 0:56,5.34,235.9
6/13/2019 1:56,3.34,106.7
6/13/2019 2:56,4.01,110.9
6/13/2019 5:56,4.01,209.2
6/13/2019 7:56,2.67,137.6
6/13/2019 10:56,6.35,224.6
6/13/2019 11:56,8.68,234.5
6/13/2019 12:56,9.35,224.6
6/13/2019 13:56,9.68,228.8
6/13/2019 14:56,9.68,227.4
6/13/2019 15:56,9.68,228.8
6/13/2019 16:56,9.35,233.1
6/13/2019 17:56,7.68,237.3
6/13/2019 18:56,5.68,231.6
6/13/2019 20:56,2.34,92.7
6/13/2019 21:56,2.67,102.5
6/14/2019 13:56,4.34,154.4
6/14/2019 14:56,8.02,235.9
6/14/2019 15:56,8.02,244.3
6/14/2019 16:56,7.35,240.1
6/14/2019 17:56,6.35,244.3
6/14/2019 18:56,4.68,241.5
6/14/2019 19:56,3.67,230.2
6/14/2019 20:56,2.67,213.4
6/14/2019 21:56,3.01,224.6
6/14/2019 22:56,2.67,219
6/15/2019 0:56,2.34,106.7
6/15/2019 3:56,3.67,228.8
6/15/2019 4:56,7.35,242.9
6/15/2019 5:56,3.67,168.5
6/15/2019 6:56,2.34,122.1
6/15/2019 7:56,4.01,202.2
6/15/2019 9:56,4.34,230.2
6/15/2019 10:56,6.35,227.4
6/15/2019 11:56,8.68,234.5
6/15/2019 12:56,10.69,238.7
6/15/2019 13:56,11.02,237.3
6/15/2019 14:56,12.36,237.3
6/15/2019 15:56,11.35,233.1
6/15/2019 16:56,10.69,230.2
6/15/2019 17:56,9.68,230.2
6/15/2019 18:56,7.68,227.4
6/15/2019 19:56,4.68,233.1
6/15/2019 22:56,2.67,120.7
6/15/2019 23:56,2.34,141.8
6/16/2019 0:56,3.67,106.7
6/16/2019 1:56,3.67,106.7
6/16/2019 2:56,2.34,115.1
6/16/2019 12:56,2.34,141.8
6/16/2019 13:56,7.01,228.8
6/16/2019 14:56,8.35,235.9
6/16/2019 15:56,9.35,235.9
6/16/2019 16:56,9.68,230.2
6/16/2019 17:56,8.35,230.2
6/16/2019 18:56,7.01,221.8
6/16/2019 19:56,4.34,223.2
6/16/2019 23:56,3.67,108.1
6/17/2019 0:56,3.34,113.7
6/17/2019 1:56,3.67,112.3
6/17/2019 2:56,3.01,106.7
6/17/2019 5:56,2.34,116.5
6/17/2019 6:56,3.01,102.5
6/17/2019 7:56,2.67,110.9
6/17/2019 8:56,3.01,137.6
6/17/2019 9:56,3.67,106.7
6/17/2019 10:56,2.34,126.4
6/17/2019 11:56,7.35,230.2
6/17/2019 12:56,8.68,237.3
6/17/2019 13:56,9.35,237.3
6/17/2019 14:56,10.35,233.1
6/17/2019 15:56,10.35,226
6/17/2019 16:56,9.68,228.8
6/17/2019 17:56,8.35,226
6/17/2019 18:56,4.68,220.4
6/17/2019 21:56,3.67,103.9
6/17/2019 22:56,5.01,92.7
6/17/2019 23:56,4.01,95.5
6/18/2019 14:56,2.67,157.2
6/18/2019 15:56,6.68,214.8
6/18/2019 16:56,7.01,214.8
6/18/2019 17:56,6.35,216.2
6/18/2019 18:56,4.68,220.4
6/18/2019 19:56,3.34,188.1
6/20/2019 16:56,4.34,214.8
6/20/2019 17:56,4.68,221.8
6/20/2019 21:56,2.67,106.7
6/21/2019 15:56,2.67,186.7
6/21/2019 16:56,4.68,210.6
6/21/2019 17:56,4.68,193.7
6/21/2019 18:56,2.34,151.6
6/22/2019 17:56,3.01,167.1
6/22/2019 18:56,2.67,122.1
6/24/2019 14:56,3.67,196.5
6/24/2019 15:56,6.01,202.2
6/24/2019 16:56,6.68,183.9
6/24/2019 17:56,6.01,176.9
6/24/2019 18:56,2.67,196.5
6/25/2019 0:56,3.01,89.9
6/25/2019 1:56,3.34,101.1
6/25/2019 2:56,2.67,96.9
6/25/2019 3:56,3.01,112.3
6/25/2019 4:56,4.34,109.5
6/25/2019 5:56,3.34,133.4
6/25/2019 6:56,3.67,122.1
6/25/2019 7:56,2.67,123.5
6/25/2019 8:56,2.67,171.3
6/25/2019 9:56,3.01,147.4
6/25/2019 10:56,6.01,226
6/25/2019 11:56,7.35,216.2
6/25/2019 12:56,8.02,216.2
6/25/2019 13:56,7.68,233.1
6/25/2019 14:56,7.35,234.5
6/25/2019 15:56,6.68,240.1
6/25/2019 16:56,6.35,237.3
6/25/2019 17:56,6.35,207.8
6/25/2019 18:56,4.68,178.3
6/26/2019 14:56,2.67,147.4
6/26/2019 15:56,5.01,206.4
6/26/2019 16:56,5.01,223.2
6/26/2019 17:56,5.34,226
6/26/2019 18:56,4.01,213.4
6/26/2019 19:56,2.34,198
6/27/2019 12:56,2.34,132
6/27/2019 13:56,7.68,227.4
6/27/2019 14:56,7.35,227.4
6/27/2019 15:56,8.68,234.5
6/27/2019 16:56,9.35,233.1
6/27/2019 17:56,8.68,227.4
6/27/2019 18:56,8.02,220.4
6/27/2019 19:56,6.01,228.8
6/28/2019 0:56,2.34,105.3
6/28/2019 1:56,2.34,92.7
6/28/2019 5:56,2.34,99.7
6/28/2019 12:56,4.68,199.4
6/28/2019 13:56,9.02,233.1
6/28/2019 14:56,10.69,235.9
6/28/2019 15:56,11.35,231.6
6/28/2019 16:56,11.69,228.8
6/28/2019 17:56,11.02,230.2
6/28/2019 18:56,10.69,230.2
6/28/2019 19:56,8.35,231.6
6/28/2019 20:56,7.35,234.5
6/28/2019 21:56,6.68,233.1
6/28/2019 22:56,6.35,241.5
6/28/2019 23:56,6.35,238.7
6/29/2019 0:56,7.35,241.5
6/29/2019 1:56,6.01,242.9
6/29/2019 2:56,5.68,237.3
6/29/2019 3:56,6.01,233.1
6/29/2019 4:56,5.68,226
6/29/2019 5:56,5.34,213.4
6/29/2019 6:56,5.68,202.2
6/29/2019 7:56,5.34,206.4
6/29/2019 8:56,7.01,230.2
6/29/2019 9:56,7.35,233.1
6/29/2019 10:56,9.02,233.1
6/29/2019 11:56,10.02,228.8
6/29/2019 12:56,10.69,228.8
6/29/2019 13:56,11.35,224.6
6/29/2019 14:56,12.69,217.6
6/29/2019 15:56,12.36,213.4
6/29/2019 16:56,12.02,217.6
6/29/2019 17:56,10.02,216.2
6/29/2019 18:56,8.35,210.6
6/29/2019 19:56,4.68,210.6
6/29/2019 20:56,3.01,227.4
6/30/2019 0:56,2.67,113.7
6/30/2019 11:56,2.34,185.3
6/30/2019 12:56,7.68,228.8
6/30/2019 13:56,8.68,230.2
6/30/2019 14:56,10.02,231.6
6/30/2019 15:56,10.35,221.8
6/30/2019 16:56,9.02,223.2
6/30/2019 17:56,7.68,221.8
6/30/2019 18:56,5.34,217.6
6/30/2019 19:56,3.01,202.2
7/1/2019 9:56,2.34,92.7
7/1/2019 11:56,5.34,224.6
7/1/2019 12:56,6.35,230.2
7/1/2019 13:56,6.35,223.2
7/1/2019 14:56,6.01,219
7/1/2019 15:56,6.01,213.4
7/1/2019 16:56,6.35,220.4
7/1/2019 17:56,7.01,234.5
7/1/2019 18:56,9.35,252.7
7/1/2019 19:56,8.35,256.9
7/1/2019 20:56,6.68,203.6
7/1/2019 21:56,3.01,185.3
7/1/2019 22:56,3.01,150.2
7/1/2019 23:56,4.01,133.4
7/2/2019 0:56,3.34,144.6
7/2/2019 1:56,6.01,230.2
7/2/2019 2:56,4.01,189.5
7/2/2019 3:56,3.34,172.7
7/2/2019 4:56,3.34,146
7/2/2019 5:56,4.01,181.1
7/2/2019 6:56,5.68,231.6
7/2/2019 7:56,6.35,235.9
7/2/2019 8:56,5.34,214.8
7/2/2019 9:56,4.01,178.3
7/2/2019 10:56,5.68,192.3
7/2/2019 11:56,7.68,200.8
7/2/2019 12:56,10.02,213.4
7/2/2019 13:56,11.02,209.2
7/2/2019 14:56,9.35,212
7/2/2019 15:56,6.68,210.6
7/2/2019 16:56,5.34,235.9
7/2/2019 17:56,3.34,249.9
7/2/2019 18:56,2.34,262.5
7/2/2019 19:56,3.34,269.6
7/2/2019 20:56,3.34,279.4
7/3/2019 14:56,3.67,169.9
7/3/2019 15:56,7.01,206.4
7/3/2019 16:56,5.34,210.6
7/3/2019 17:56,4.01,216.2
7/3/2019 18:56,3.67,199.4
7/4/2019 17:56,4.01,148.8
7/5/2019 17:56,3.67,193.7
7/5/2019 18:56,2.34,203.6
7/6/2019 15:56,3.01,134.8
7/6/2019 16:56,7.01,221.8
7/6/2019 17:56,6.68,226
7/6/2019 18:56,6.01,245.7
7/6/2019 19:56,3.34,217.6
7/6/2019 20:56,4.34,158.6
7/7/2019 16:56,5.01,202.2
7/7/2019 17:56,5.34,205
7/7/2019 18:56,3.01,210.6
7/8/2019 15:56,5.01,212
7/8/2019 16:56,5.34,209.2
7/8/2019 17:56,4.68,220.4
7/8/2019 18:56,3.01,189.5
7/9/2019 15:56,4.68,182.5
7/9/2019 16:56,6.68,186.7
7/9/2019 17:56,6.01,181.1
7/9/2019 18:56,4.68,189.5
7/10/2019 15:56,4.68,226
7/10/2019 16:56,5.34,223.2
7/10/2019 17:56,5.68,226
7/10/2019 18:56,3.01,190.9
7/11/2019 13:56,5.01,192.3
7/11/2019 14:56,8.02,223.2
7/11/2019 15:56,8.02,223.2
7/11/2019 16:56,8.02,214.8
7/11/2019 17:56,7.35,226
7/11/2019 18:56,6.68,233.1
7/11/2019 19:56,4.01,233.1
7/11/2019 22:56,3.01,108.1
7/11/2019 23:56,3.67,108.1
7/12/2019 0:56,3.34,110.9
7/12/2019 1:56,2.34,99.7
7/12/2019 12:56,4.68,207.8
7/12/2019 13:56,8.02,235.9
7/12/2019 14:56,8.35,230.2
7/12/2019 15:56,8.68,224.6
7/12/2019 16:56,8.35,220.4
7/12/2019 17:56,8.35,220.4
7/12/2019 18:56,7.35,213.4
7/12/2019 20:56,3.01,255.5
7/13/2019 12:56,2.34,122.1
7/13/2019 13:56,6.35,212
7/13/2019 14:56,6.35,217.6
7/13/2019 15:56,7.01,221.8
7/13/2019 16:56,8.02,203.6
7/13/2019 17:56,8.02,198
7/13/2019 18:56,4.34,195.1
7/14/2019 13:56,3.01,169.9
7/14/2019 14:56,5.34,216.2
7/14/2019 15:56,6.01,226
7/14/2019 16:56,6.68,189.5
7/14/2019 17:56,6.01,189.5
7/14/2019 18:56,2.67,182.5
7/15/2019 15:56,3.34,185.3
7/15/2019 16:56,6.68,219
7/15/2019 17:56,5.01,221.8
7/15/2019 18:56,5.01,228.8
7/15/2019 19:56,2.67,221.8
7/16/2019 14:56,4.68,206.4
7/16/2019 15:56,6.01,223.2
7/16/2019 16:56,5.68,220.4
7/16/2019 17:56,5.34,221.8
7/16/2019 18:56,5.68,230.2
7/16/2019 19:56,2.34,223.2
7/17/2019 17:56,4.34,212
7/17/2019 18:56,4.01,185.3
7/18/2019 16:56,3.34,206.4
7/18/2019 17:56,4.01,220.4
7/18/2019 18:56,3.34,155.8
7/18/2019 19:56,2.34,143.2
7/19/2019 16:56,2.67,221.8
7/19/2019 17:56,4.34,137.6
7/19/2019 18:56,3.01,130.6
7/20/2019 16:56,6.01,205
7/20/2019 17:56,5.34,185.3
7/20/2019 18:56,3.34,182.5
7/21/2019 13:56,4.01,195.1
7/21/2019 14:56,6.35,227.4
7/21/2019 15:56,6.68,219
7/21/2019 16:56,6.68,230.2
7/21/2019 17:56,7.01,223.2
7/21/2019 18:56,5.34,196.5
7/21/2019 22:56,2.34,275.2
7/22/2019 7:56,2.34,112.3
7/22/2019 8:56,4.01,102.5
7/22/2019 9:56,3.67,110.9
7/22/2019 10:56,6.01,226
7/22/2019 11:56,8.68,238.7
7/22/2019 12:56,9.35,230.2
7/22/2019 13:56,10.02,234.5
7/22/2019 14:56,11.35,227.4
7/22/2019 15:56,11.69,224.6
7/22/2019 16:56,11.02,228.8
7/22/2019 17:56,9.35,234.5
7/22/2019 18:56,8.02,237.3
7/22/2019 19:56,7.35,240.1
7/22/2019 20:56,5.68,244.3
7/22/2019 21:56,5.68,252.7
7/22/2019 22:56,7.68,262.5
7/22/2019 23:56,8.02,259.7
7/23/2019 0:56,8.02,259.7
7/23/2019 1:56,8.35,265.3
7/23/2019 2:56,7.68,259.7
7/23/2019 3:56,7.68,259.7
7/23/2019 4:56,8.35,261.1
7/23/2019 5:56,8.02,254.1
7/23/2019 6:56,3.67,195.1
7/23/2019 8:56,3.01,122.1
7/23/2019 9:56,3.01,126.4
7/23/2019 10:56,6.68,244.3
7/23/2019 11:56,9.02,245.7
7/23/2019 12:56,10.02,234.5
7/23/2019 13:56,11.35,228.8
7/23/2019 14:56,12.02,223.2
7/23/2019 15:56,12.02,228.8
7/23/2019 16:56,11.02,226
7/23/2019 17:56,10.02,224.6
7/23/2019 18:56,7.68,228.8
7/23/2019 19:56,5.01,230.2
7/24/2019 8:56,2.34,196.5
7/24/2019 9:56,2.34,112.3
7/24/2019 10:56,2.34,105.3
7/24/2019 11:56,8.35,251.3
7/24/2019 12:56,10.69,252.7
7/24/2019 13:56,11.35,251.3
7/24/2019 14:56,11.35,251.3
7/24/2019 15:56,10.69,241.5
7/24/2019 16:56,10.02,244.3
7/24/2019 17:56,10.02,241.5
7/24/2019 18:56,8.35,245.7
7/24/2019 19:56,7.01,263.9
7/24/2019 20:56,6.35,279.4
7/24/2019 21:56,4.68,286.4
7/24/2019 22:56,5.34,282.2
7/24/2019 23:56,5.68,285
7/25/2019 0:56,6.35,290.6
7/25/2019 1:56,2.34,91.3
7/25/2019 12:56,2.34,101.1
7/25/2019 14:56,5.68,228.8
7/25/2019 15:56,6.35,233.1
7/25/2019 16:56,7.01,227.4
7/25/2019 17:56,6.68,221.8
7/25/2019 18:56,6.35,223.2
7/25/2019 19:56,5.34,233.1
7/25/2019 20:56,2.34,178.3
7/26/2019 16:56,5.34,214.8
7/26/2019 17:56,5.68,220.4
7/26/2019 18:56,4.34,216.2
7/27/2019 15:56,6.01,220.4
7/27/2019 16:56,6.68,235.9
7/27/2019 17:56,6.35,231.6
7/27/2019 18:56,3.01,186.7
7/28/2019 14:56,4.68,198
7/28/2019 15:56,7.01,209.2
7/28/2019 16:56,6.68,183.9
7/28/2019 17:56,6.35,189.5
7/28/2019 18:56,4.34,188.1
7/29/2019 17:56,4.01,196.5
7/29/2019 18:56,3.01,192.3
7/30/2019 17:56,4.68,157.2
7/30/2019 18:56,4.34,130.6
7/31/2019 15:56,2.34,110.9
7/31/2019 16:56,4.34,134.8
7/31/2019 17:56,5.34,134.8
7/31/2019 18:56,3.67,130.6
8/1/2019 14:56,8.02,174.1
8/1/2019 15:56,9.02,176.9
8/1/2019 16:56,9.68,178.3
8/1/2019 17:56,9.02,178.3
8/1/2019 18:56,7.01,186.7
8/1/2019 19:56,3.01,189.5
8/1/2019 20:56,3.67,210.6
8/1/2019 21:56,2.67,144.6
8/1/2019 22:56,2.67,113.7
8/1/2019 23:56,2.34,127.8
8/2/2019 0:56,3.01,123.5
8/2/2019 1:56,2.34,147.4
8/2/2019 3:56,2.67,141.8
8/2/2019 4:56,4.34,130.6
8/2/2019 5:56,2.34,101.1
8/2/2019 6:56,2.67,95.5
8/2/2019 14:56,2.34,153
8/2/2019 15:56,3.34,119.3
8/2/2019 16:56,10.35,28.1
8/2/2019 17:56,9.35,36.5
8/2/2019 18:56,7.35,42.1
8/2/2019 19:56,6.68,49.1
8/2/2019 20:56,5.01,49.1
8/2/2019 21:56,5.34,46.3
8/2/2019 22:56,5.34,19.7
8/2/2019 23:56,4.68,46.3
8/3/2019 0:56,2.34,89.9
8/3/2019 14:56,2.67,119.3
8/3/2019 15:56,2.34,109.5
8/3/2019 16:56,2.67,160
8/3/2019 17:56,4.01,150.2
8/3/2019 18:56,3.67,144.6
8/4/2019 17:56,5.01,206.4
8/4/2019 18:56,3.34,185.3
8/5/2019 17:56,4.68,198
8/5/2019 18:56,2.67,154.4
8/6/2019 16:56,5.68,202.2
8/6/2019 17:56,4.68,221.8
8/6/2019 18:56,3.34,220.4
8/7/2019 14:56,5.01,190.9
8/7/2019 15:56,6.35,216.2
8/7/2019 16:56,6.68,199.4
8/7/2019 17:56,6.35,186.7
8/7/2019 18:56,3.67,200.8
8/7/2019 22:56,2.34,106.7
8/8/2019 12:56,6.35,210.6
8/8/2019 13:56,8.68,233.1
8/8/2019 14:56,9.02,237.3
8/8/2019 15:56,10.02,238.7
8/8/2019 16:56,10.35,237.3
8/8/2019 17:56,9.68,228.8
8/8/2019 18:56,7.68,205
8/8/2019 19:56,2.34,179.7
8/8/2019 20:56,4.01,237.3
8/8/2019 21:56,3.67,235.9
8/8/2019 22:56,5.01,240.1
8/8/2019 23:56,6.01,244.3
8/9/2019 0:56,6.68,249.9
8/9/2019 1:56,5.01,230.2
8/9/2019 2:56,4.01,220.4
8/9/2019 3:56,5.01,221.8
8/9/2019 4:56,5.34,227.4
8/9/2019 5:56,6.35,228.8
8/9/2019 6:56,7.35,226
8/9/2019 7:56,8.02,224.6
8/9/2019 8:56,6.01,219
8/9/2019 9:56,4.34,139
8/9/2019 10:56,4.68,151.6
8/9/2019 11:56,8.02,237.3
8/9/2019 12:56,9.02,224.6
8/9/2019 13:56,8.68,212
8/9/2019 14:56,9.02,217.6
8/9/2019 15:56,8.02,212
8/9/2019 16:56,6.35,175.5
8/9/2019 17:56,6.01,179.7
8/9/2019 18:56,5.34,202.2
8/9/2019 19:56,2.34,214.8
8/9/2019 20:56,2.67,269.6
8/10/2019 15:56,5.68,214.8
8/10/2019 16:56,6.35,220.4
8/10/2019 17:56,6.68,220.4
8/10/2019 18:56,5.34,192.3
8/11/2019 13:56,5.34,199.4
8/11/2019 14:56,7.68,224.6
8/11/2019 15:56,8.68,217.6
8/11/2019 16:56,10.35,193.7
8/11/2019 17:56,9.02,203.6
8/11/2019 18:56,7.01,205
8/11/2019 19:56,2.34,186.7
8/12/2019 16:56,3.01,193.7
8/12/2019 17:56,3.67,227.4
8/12/2019 18:56,3.01,213.4
8/13/2019 17:56,3.34,133.4
8/13/2019 18:56,3.01,139
8/14/2019 15:56,5.01,216.2
8/14/2019 16:56,5.34,221.8
8/14/2019 17:56,5.01,188.1
8/14/2019 18:56,4.01,171.3
8/15/2019 14:56,3.34,186.7
8/15/2019 15:56,6.35,200.8
8/15/2019 16:56,7.01,195.1
8/15/2019 17:56,6.35,189.5
8/15/2019 18:56,5.01,189.5
8/16/2019 14:56,4.68,165.7
8/16/2019 15:56,6.01,190.9
8/16/2019 16:56,7.35,190.9
8/16/2019 17:56,7.68,193.7
8/16/2019 18:56,7.01,189.5
8/16/2019 19:56,4.34,172.7
8/17/2019 13:56,4.34,165.7
8/17/2019 14:56,7.01,214.8
8/17/2019 15:56,7.01,202.2
8/17/2019 16:56,7.35,193.7
8/17/2019 17:56,7.35,198
8/17/2019 18:56,5.68,185.3
8/18/2019 13:56,4.01,199.4
8/18/2019 14:56,6.68,223.2
8/18/2019 15:56,8.68,207.8
8/18/2019 16:56,9.02,192.3
8/18/2019 17:56,7.68,202.2
8/18/2019 18:56,4.68,185.3
8/19/2019 16:56,4.34,199.4
8/19/2019 17:56,4.68,160
8/19/2019 18:56,3.67,181.1
8/20/2019 16:56,4.34,186.7
8/20/2019 17:56,4.68,188.1
8/20/2019 18:56,3.34,169.9
8/21/2019 16:56,4.34,136.2
8/21/2019 17:56,4.34,158.6
8/21/2019 18:56,3.01,162.9
8/22/2019 14:56,2.34,188.1
8/22/2019 15:56,2.34,150.2
8/22/2019 16:56,5.34,136.2
8/22/2019 17:56,5.68,130.6
8/22/2019 18:56,3.01,158.6
8/23/2019 16:56,4.34,160
8/23/2019 17:56,6.01,141.8
8/23/2019 18:56,4.34,141.8
8/23/2019 19:56,3.01,108.1
8/23/2019 21:56,2.34,355.2
8/24/2019 15:56,5.68,186.7
8/24/2019 16:56,6.35,182.5
8/24/2019 17:56,6.01,179.7
8/24/2019 18:56,5.68,185.3
8/25/2019 14:56,3.34,161.5
8/25/2019 15:56,5.68,192.3
8/25/2019 16:56,6.01,134.8
8/25/2019 17:56,6.01,133.4
8/25/2019 18:56,4.01,132
8/26/2019 14:56,3.01,151.6
8/26/2019 15:56,2.67,172.7
8/26/2019 16:56,5.01,133.4
8/26/2019 17:56,4.34,141.8
8/26/2019 18:56,5.01,130.6
8/26/2019 19:56,2.67,130.6
8/27/2019 14:56,2.34,196.5
8/27/2019 15:56,2.34,199.4
8/27/2019 16:56,4.01,192.3
8/27/2019 17:56,5.34,147.4
8/27/2019 18:56,5.68,127.8
8/27/2019 19:56,2.67,137.6
8/28/2019 14:56,2.34,160
8/28/2019 15:56,6.35,147.4
8/28/2019 16:56,6.68,144.6
8/28/2019 17:56,6.35,144.6
8/28/2019 18:56,4.68,151.6
8/29/2019 15:56,3.34,169.9
8/29/2019 16:56,6.68,133.4
8/29/2019 17:56,7.01,130.6
8/29/2019 18:56,6.35,132
8/29/2019 19:56,2.34,182.5
8/30/2019 14:56,5.01,146
8/30/2019 15:56,7.01,161.5
8/30/2019 16:56,6.35,164.3
8/30/2019 17:56,5.68,140.4
8/30/2019 18:56,3.34,129.2
8/31/2019 13:56,5.01,214.8
8/31/2019 14:56,7.35,214.8
8/31/2019 15:56,8.35,219
8/31/2019 16:56,8.68,212
8/31/2019 17:56,7.35,199.4
8/31/2019 18:56,6.35,207.8
8/31/2019 19:56,5.34,230.2
8/31/2019 20:56,3.01,207.8
8/31/2019 21:56,2.67,141.8
9/1/2019 14:56,5.34,199.4
9/1/2019 15:56,7.35,213.4
9/1/2019 16:56,8.02,214.8
9/1/2019 17:56,7.68,186.7
9/1/2019 18:56,5.68,178.3
9/2/2019 12:56,2.34,137.6
9/2/2019 13:56,6.68,223.2
9/2/2019 14:56,7.35,226
9/2/2019 15:56,8.35,228.8
9/2/2019 16:56,8.02,210.6
9/2/2019 17:56,7.35,186.7
9/2/2019 18:56,4.68,202.2
9/2/2019 19:56,4.01,206.4
9/2/2019 23:56,2.34,130.6
9/3/2019 12:56,2.34,132
9/3/2019 13:56,7.35,227.4
9/3/2019 14:56,7.68,235.9
9/3/2019 15:56,9.02,233.1
9/3/2019 16:56,9.02,230.2
9/3/2019 17:56,8.35,230.2
9/3/2019 18:56,7.01,223.2
9/3/2019 19:56,4.68,228.8
9/4/2019 12:56,7.68,234.5
9/4/2019 13:56,9.02,235.9
9/4/2019 14:56,11.02,233.1
9/4/2019 15:56,11.35,230.2
9/4/2019 16:56,10.69,234.5
9/4/2019 17:56,9.68,230.2
9/4/2019 18:56,8.02,233.1
9/4/2019 19:56,5.01,237.3
9/4/2019 21:56,2.34,117.9
9/5/2019 11:56,3.67,144.6
9/5/2019 12:56,9.02,231.6
9/5/2019 13:56,9.35,237.3
9/5/2019 14:56,9.02,233.1
9/5/2019 15:56,10.02,224.6
9/5/2019 16:56,10.02,223.2
9/5/2019 17:56,9.68,227.4
9/5/2019 18:56,8.68,227.4
9/5/2019 19:56,6.68,230.2
9/5/2019 20:56,3.34,241.5
9/5/2019 22:56,2.67,219
9/6/2019 1:56,2.34,120.7
9/6/2019 3:56,3.67,108.1
9/6/2019 4:56,2.34,141.8
9/6/2019 5:56,4.01,123.5
9/6/2019 6:56,3.01,99.7
9/6/2019 8:56,3.01,108.1
9/6/2019 9:56,3.01,106.7
9/6/2019 10:56,5.68,219
9/6/2019 11:56,8.68,234.5
9/6/2019 12:56,9.68,230.2
9/6/2019 13:56,10.69,235.9
9/6/2019 14:56,12.36,237.3
9/6/2019 15:56,12.02,233.1
9/6/2019 16:56,11.69,230.2
9/6/2019 17:56,11.02,228.8
9/6/2019 18:56,9.68,226
9/6/2019 19:56,7.35,228.8
9/6/2019 20:56,5.68,238.7
9/6/2019 21:56,4.34,237.3
9/6/2019 22:56,4.34,244.3
9/6/2019 23:56,4.68,255.5
9/7/2019 0:56,4.34,241.5
9/7/2019 1:56,2.67,228.8
9/7/2019 2:56,4.68,244.3
9/7/2019 3:56,6.68,248.5
9/7/2019 4:56,8.35,252.7
9/7/2019 5:56,8.35,261.1
9/7/2019 6:56,6.68,268.1
9/7/2019 7:56,6.35,268.1
9/7/2019 8:56,5.34,226
9/7/2019 9:56,4.01,126.4
9/7/2019 10:56,10.35,245.7
9/7/2019 11:56,10.69,238.7
9/7/2019 12:56,10.35,235.9
9/7/2019 13:56,11.35,233.1
9/7/2019 14:56,11.35,231.6
9/7/2019 15:56,11.69,224.6
9/7/2019 16:56,10.69,228.8
9/7/2019 17:56,9.68,237.3
9/7/2019 18:56,8.35,235.9
9/7/2019 19:56,7.01,230.2
9/7/2019 20:56,5.01,227.4
9/7/2019 21:56,2.34,235.9
9/8/2019 2:56,6.01,230.2
9/8/2019 3:56,6.01,252.7
9/8/2019 4:56,5.01,248.5
9/8/2019 5:56,6.68,254.1
9/8/2019 6:56,7.35,268.1
9/8/2019 7:56,7.01,262.5
9/8/2019 8:56,6.01,245.7
9/8/2019 9:56,6.01,247.1
9/8/2019 10:56,8.02,251.3
9/8/2019 11:56,9.02,258.3
9/8/2019 12:56,8.68,252.7
9/8/2019 13:56,8.68,255.5
9/8/2019 14:56,7.35,245.7
9/8/2019 15:56,6.68,224.6
9/8/2019 16:56,11.02,216.2
9/8/2019 17:56,6.68,221.8
9/8/2019 18:56,9.68,280.8
9/8/2019 19:56,9.02,268.1
9/8/2019 20:56,8.02,261.1
9/8/2019 21:56,9.68,248.5
9/8/2019 22:56,9.02,249.9
9/8/2019 23:56,10.69,248.5
9/9/2019 0:56,8.68,234.5
9/9/2019 1:56,6.68,235.9
9/9/2019 2:56,8.02,244.3
9/9/2019 3:56,8.68,247.1
9/9/2019 4:56,5.34,203.6
9/9/2019 7:56,4.68,106.7
9/9/2019 12:56,2.34,110.9
9/9/2019 13:56,4.01,148.8
9/9/2019 14:56,9.68,237.3
9/9/2019 15:56,10.35,237.3
9/9/2019 16:56,11.35,231.6
9/9/2019 17:56,10.35,233.1
9/9/2019 18:56,8.68,238.7
9/9/2019 19:56,7.35,241.5
9/9/2019 20:56,5.01,241.5
9/9/2019 21:56,7.01,255.5
9/9/2019 22:56,9.02,261.1
9/9/2019 23:56,6.35,244.3
9/10/2019 0:56,7.01,248.5
9/10/2019 1:56,8.68,249.9
9/10/2019 2:56,8.68,249.9
9/10/2019 3:56,6.01,231.6
9/10/2019 5:56,2.67,116.5
9/10/2019 6:56,4.01,95.5
9/10/2019 7:56,3.01,102.5
9/10/2019 8:56,3.01,92.7
9/10/2019 9:56,2.34,103.9
9/10/2019 10:56,5.01,195.1
9/10/2019 11:56,7.68,235.9
9/10/2019 12:56,10.35,233.1
9/10/2019 13:56,11.69,238.7
9/10/2019 14:56,12.36,234.5
9/10/2019 15:56,12.36,223.2
9/10/2019 16:56,11.69,223.2
9/10/2019 17:56,10.69,230.2
9/10/2019 18:56,9.02,234.5
9/10/2019 19:56,8.35,234.5
9/10/2019 20:56,7.01,240.1
9/10/2019 21:56,5.34,241.5
9/10/2019 22:56,5.68,244.3
9/10/2019 23:56,5.34,240.1
9/11/2019 0:56,7.68,255.5
9/11/2019 1:56,7.01,248.5
9/11/2019 2:56,5.68,240.1
9/11/2019 3:56,5.01,230.2
9/11/2019 4:56,3.67,189.5
9/11/2019 5:56,3.67,119.3
9/11/2019 6:56,2.67,102.5
9/11/2019 7:56,2.34,103.9
9/11/2019 8:56,4.01,88.4
9/11/2019 9:56,2.34,151.6
9/11/2019 10:56,6.01,235.9
9/11/2019 11:56,8.02,235.9
9/11/2019 12:56,9.35,238.7
9/11/2019 13:56,10.35,231.6
9/11/2019 14:56,11.02,230.2
9/11/2019 15:56,11.69,224.6
9/11/2019 16:56,11.02,226
9/11/2019 17:56,10.69,220.4
9/11/2019 18:56,8.02,227.4
9/11/2019 19:56,4.68,231.6
9/12/2019 12:56,2.34,129.2
9/12/2019 13:56,6.68,224.6
9/12/2019 14:56,7.68,230.2
9/12/2019 15:56,8.02,237.3
9/12/2019 16:56,7.68,233.1
9/12/2019 17:56,8.02,220.4
9/12/2019 18:56,6.68,219
9/12/2019 19:56,3.67,237.3
9/13/2019 10:56,2.67,106.7
9/13/2019 11:56,4.68,174.1
9/13/2019 12:56,9.02,233.1
9/13/2019 13:56,9.02,233.1
9/13/2019 14:56,9.35,231.6
9/13/2019 15:56,10.69,224.6
9/13/2019 16:56,10.02,230.2
9/13/2019 17:56,10.02,226
9/13/2019 18:56,8.35,219
9/13/2019 19:56,6.01,233.1
9/13/2019 20:56,3.34,244.3
9/13/2019 21:56,4.34,258.3
9/13/2019 22:56,4.34,266.7
9/13/2019 23:56,4.01,247.1
9/14/2019 10:56,4.01,233.1
9/14/2019 11:56,5.68,238.7
9/14/2019 12:56,7.01,223.2
9/14/2019 13:56,8.02,233.1
9/14/2019 14:56,8.68,228.8
9/14/2019 15:56,9.35,230.2
9/14/2019 16:56,9.35,227.4
9/14/2019 17:56,8.68,224.6
9/14/2019 18:56,7.68,221.8
9/14/2019 19:56,5.68,227.4
9/15/2019 3:56,2.34,103.9
9/15/2019 4:56,3.01,99.7
9/15/2019 9:56,3.34,98.3
9/15/2019 10:56,3.67,175.5
9/15/2019 11:56,7.68,231.6
9/15/2019 12:56,8.35,235.9
9/15/2019 13:56,9.68,224.6
9/15/2019 14:56,10.35,220.4
9/15/2019 15:56,10.02,224.6
9/15/2019 16:56,10.02,212
9/15/2019 17:56,9.35,198
9/15/2019 18:56,7.35,212
9/15/2019 19:56,4.34,238.7
9/15/2019 20:56,2.67,249.9
9/16/2019 1:56,3.01,110.9
9/16/2019 2:56,3.01,102.5
9/16/2019 9:56,3.34,141.8
9/16/2019 10:56,6.68,221.8
9/16/2019 11:56,8.35,228.8
9/16/2019 12:56,8.35,233.1
9/16/2019 13:56,8.68,238.7
9/16/2019 14:56,9.68,228.8
9/16/2019 15:56,9.68,228.8
9/16/2019 16:56,9.35,228.8
9/16/2019 17:56,9.35,234.5
9/16/2019 18:56,8.35,226
9/16/2019 19:56,5.68,227.4
9/17/2019 1:56,2.34,99.7
9/17/2019 10:56,4.68,174.1
9/17/2019 11:56,9.02,231.6
9/17/2019 12:56,10.69,233.1
9/17/2019 13:56,12.02,220.4
9/17/2019 14:56,12.36,221.8
9/17/2019 15:56,13.02,221.8
9/17/2019 16:56,12.69,226
9/17/2019 17:56,12.02,220.4
9/17/2019 18:56,10.69,224.6
9/17/2019 19:56,8.68,217.6
9/17/2019 20:56,6.01,228.8
9/17/2019 21:56,5.34,234.5
9/17/2019 22:56,6.35,235.9
9/17/2019 23:56,8.35,237.3
9/18/2019 0:56,10.02,249.9
9/18/2019 1:56,9.68,244.3
9/18/2019 2:56,8.68,235.9
9/18/2019 3:56,7.01,214.8
9/18/2019 4:56,5.34,95.5
9/18/2019 5:56,4.01,88.4
9/18/2019 12:56,3.34,154.4
9/18/2019 13:56,6.68,228.8
9/18/2019 14:56,7.35,227.4
9/18/2019 15:56,8.35,224.6
9/18/2019 16:56,9.02,221.8
9/18/2019 17:56,9.35,223.2
9/18/2019 18:56,9.68,224.6
9/18/2019 19:56,8.35,227.4
9/18/2019 20:56,5.01,219
9/18/2019 21:56,2.34,137.6
9/19/2019 1:56,3.34,109.5
9/19/2019 2:56,2.34,123.5
9/19/2019 4:56,3.01,85.6
9/19/2019 11:56,5.68,183.9
9/19/2019 12:56,8.68,227.4
9/19/2019 13:56,9.68,223.2
9/19/2019 14:56,11.02,223.2
9/19/2019 15:56,11.69,212
9/19/2019 16:56,11.69,214.8
9/19/2019 17:56,10.02,219
9/19/2019 18:56,8.68,231.6
9/19/2019 19:56,7.68,228.8
9/19/2019 20:56,6.01,226
9/19/2019 21:56,6.01,240.1
9/19/2019 22:56,6.01,242.9
9/19/2019 23:56,5.01,219
9/20/2019 0:56,3.67,117.9
9/20/2019 1:56,4.01,109.5
9/20/2019 2:56,3.01,105.3
9/20/2019 9:56,2.34,123.5
9/20/2019 10:56,3.01,120.7
9/20/2019 11:56,7.01,224.6
9/20/2019 12:56,8.02,217.6
9/20/2019 13:56,8.02,216.2
9/20/2019 14:56,9.02,206.4
9/20/2019 15:56,9.68,199.4
9/20/2019 16:56,8.68,200.8
9/20/2019 17:56,7.01,202.2
9/20/2019 18:56,6.01,189.5
9/20/2019 19:56,3.67,182.5
9/21/2019 14:56,4.34,178.3
9/21/2019 15:56,7.01,186.7
9/21/2019 16:56,7.01,183.9
9/21/2019 17:56,5.68,175.5
9/21/2019 18:56,4.68,126.4
9/21/2019 19:56,3.34,124.9
9/22/2019 13:56,2.67,134.8
9/22/2019 14:56,3.67,192.3
9/22/2019 15:56,5.68,205
9/22/2019 16:56,6.01,202.2
9/22/2019 17:56,5.68,182.5
9/22/2019 18:56,4.68,190.9
9/23/2019 13:56,2.67,188.1
9/23/2019 14:56,7.35,203.6
9/23/2019 15:56,7.68,203.6
9/23/2019 16:56,6.01,139
9/23/2019 17:56,6.01,122.1
9/23/2019 18:56,5.68,123.5
9/23/2019 19:56,3.67,123.5
9/24/2019 12:56,4.68,181.1
9/24/2019 13:56,8.35,176.9
9/24/2019 14:56,8.02,181.1
9/24/2019 15:56,8.02,190.9
9/24/2019 16:56,7.68,195.1
9/24/2019 17:56,7.35,179.7
9/24/2019 18:56,6.35,188.1
9/24/2019 19:56,4.68,209.2
9/24/2019 20:56,2.67,120.7
9/25/2019 15:56,2.67,214.8
9/25/2019 16:56,5.01,167.1
9/25/2019 17:56,5.68,130.6
9/25/2019 18:56,5.01,133.4
9/25/2019 19:56,2.67,154.4
9/26/2019 13:56,2.34,161.5
9/26/2019 14:56,3.34,175.5
9/26/2019 15:56,4.34,206.4
9/26/2019 16:56,5.01,206.4
9/26/2019 17:56,6.68,198
9/26/2019 18:56,6.01,198
9/26/2019 19:56,2.34,169.9
9/27/2019 13:56,3.01,174.1
9/27/2019 14:56,4.68,210.6
9/27/2019 15:56,6.35,205
9/27/2019 16:56,6.35,186.7
9/27/2019 17:56,5.68,161.5
9/27/2019 18:56,5.34,119.3
9/27/2019 19:56,3.01,153
9/27/2019 20:56,2.34,190.9
9/28/2019 13:56,2.34,185.3
9/28/2019 14:56,4.34,143.2
9/28/2019 15:56,6.01,143.2
9/28/2019 16:56,6.01,132
9/28/2019 17:56,6.68,132
9/28/2019 18:56,6.01,141.8
9/28/2019 19:56,2.67,203.6
9/29/2019 13:56,2.34,193.7
9/29/2019 14:56,2.67,153
9/29/2019 15:56,6.01,130.6
9/29/2019 16:56,7.01,140.4
9/29/2019 17:56,6.68,175.5
9/29/2019 18:56,6.35,193.7
9/29/2019 19:56,4.01,207.8
9/29/2019 20:56,2.34,160
9/30/2019 12:56,6.01,213.4
9/30/2019 13:56,7.01,221.8
9/30/2019 14:56,8.02,219
9/30/2019 15:56,9.68,217.6
9/30/2019 16:56,9.02,214.8
9/30/2019 17:56,8.35,206.4
9/30/2019 18:56,6.68,200.8
9/30/2019 19:56,5.01,192.3
9/30/2019 20:56,3.01,216.2
9/30/2019 21:56,4.68,258.3
9/30/2019 22:56,3.34,240.1
9/30/2019 23:56,3.67,230.2
10/1/2019 0:56,3.34,181.1
10/1/2019 9:56,2.34,98.3
10/1/2019 10:56,4.34,192.3
10/1/2019 11:56,8.35,233.1
10/1/2019 12:56,9.02,223.2
10/1/2019 13:56,8.68,231.6
10/1/2019 14:56,9.68,227.4
10/1/2019 15:56,9.35,223.2
10/1/2019 16:56,9.35,238.7
10/1/2019 17:56,8.02,235.9
10/1/2019 18:56,7.01,231.6
10/1/2019 19:56,4.68,227.4
10/1/2019 20:56,5.01,230.2
10/1/2019 21:56,3.01,214.8
10/1/2019 22:56,3.01,217.6
10/1/2019 23:56,4.68,230.2
10/2/2019 0:56,3.01,216.2
10/2/2019 1:56,2.67,198
10/2/2019 2:56,4.68,178.3
10/2/2019 3:56,3.67,130.6
10/2/2019 4:56,3.01,98.3
10/2/2019 5:56,2.34,109.5
10/2/2019 6:56,3.01,113.7
10/2/2019 9:56,2.67,151.6
10/2/2019 10:56,7.35,231.6
10/2/2019 11:56,8.35,233.1
10/2/2019 12:56,8.68,234.5
10/2/2019 13:56,9.02,233.1
10/2/2019 14:56,9.35,231.6
10/2/2019 15:56,10.02,227.4
10/2/2019 16:56,10.02,224.6
10/2/2019 17:56,10.02,220.4
10/2/2019 18:56,8.02,223.2
10/2/2019 19:56,6.01,221.8
10/2/2019 20:56,3.01,227.4
10/3/2019 10:56,6.35,216.2
10/3/2019 11:56,9.35,223.2
10/3/2019 12:56,10.02,221.8
10/3/2019 13:56,10.35,227.4
10/3/2019 14:56,10.69,228.8
10/3/2019 15:56,10.35,224.6
10/3/2019 16:56,10.35,224.6
10/3/2019 17:56,10.02,221.8
10/3/2019 18:56,9.02,220.4
10/3/2019 19:56,7.68,223.2
10/3/2019 20:56,5.01,220.4
10/3/2019 23:56,2.67,168.5
10/4/2019 0:56,2.34,192.3
10/4/2019 5:56,2.34,108.1
10/4/2019 8:56,3.01,139
10/4/2019 9:56,5.68,207.8
10/4/2019 10:56,7.68,226
10/4/2019 11:56,9.35,230.2
10/4/2019 12:56,10.69,224.6
10/4/2019 13:56,11.02,227.4
10/4/2019 14:56,10.69,227.4
10/4/2019 15:56,10.35,228.8
10/4/2019 16:56,10.35,214.8
10/4/2019 17:56,10.69,206.4
10/4/2019 18:56,9.02,207.8
10/4/2019 19:56,6.68,200.8
10/5/2019 4:56,2.34,120.7
10/5/2019 11:56,3.67,178.3
10/5/2019 12:56,5.01,209.2
10/5/2019 13:56,5.01,227.4
10/5/2019 14:56,5.68,220.4
10/5/2019 15:56,6.68,188.1
10/5/2019 16:56,6.68,196.5
10/5/2019 17:56,7.01,174.1
10/5/2019 18:56,5.68,196.5
10/5/2019 19:56,4.01,193.7
10/6/2019 12:56,2.34,188.1
10/6/2019 13:56,2.67,161.5
10/6/2019 14:56,3.67,181.1
10/6/2019 15:56,5.34,147.4
10/6/2019 16:56,6.68,130.6
10/6/2019 17:56,7.68,134.8
10/6/2019 18:56,7.35,133.4
10/6/2019 19:56,5.01,140.4
10/6/2019 22:56,2.34,348.2
10/7/2019 13:56,3.34,179.7
10/7/2019 14:56,6.35,127.8
10/7/2019 15:56,7.01,133.4
10/7/2019 16:56,8.02,130.6
10/7/2019 17:56,9.02,130.6
10/7/2019 18:56,8.35,126.4
10/7/2019 19:56,5.68,120.7
10/7/2019 20:56,2.34,221.8
10/8/2019 13:56,3.34,167.1
10/8/2019 15:56,3.67,181.1
10/8/2019 16:56,5.34,139
10/8/2019 17:56,6.35,126.4
10/8/2019 18:56,6.35,127.8
10/8/2019 19:56,3.67,129.2
10/8/2019 22:56,2.67,342.6
10/9/2019 14:56,2.67,202.2
10/9/2019 15:56,4.68,162.9
10/9/2019 16:56,6.01,136.2
10/9/2019 17:56,5.34,139
10/9/2019 18:56,5.34,127.8
10/9/2019 19:56,3.01,96.9
10/10/2019 14:56,4.34,193.7
10/10/2019 15:56,6.68,212
10/10/2019 16:56,6.68,172.7
10/10/2019 17:56,6.01,146
10/10/2019 18:56,6.35,115.1
10/10/2019 19:56,3.34,109.5
10/11/2019 14:56,3.34,143.2
10/11/2019 15:56,7.01,171.3
10/11/2019 16:56,6.35,179.7
10/11/2019 17:56,6.68,189.5
10/11/2019 18:56,6.35,175.5
10/11/2019 19:56,2.67,200.8
10/12/2019 13:56,4.68,157.2
10/12/2019 14:56,5.01,209.2
10/12/2019 15:56,5.68,216.2
10/12/2019 16:56,6.35,181.1
10/12/2019 17:56,6.35,189.5
10/12/2019 18:56,5.68,195.1
10/12/2019 19:56,2.34,199.4
10/13/2019 12:56,7.01,221.8
10/13/2019 13:56,9.35,233.1
10/13/2019 14:56,9.02,231.6
10/13/2019 15:56,8.68,220.4
10/13/2019 16:56,9.35,219
10/13/2019 17:56,8.35,221.8
10/13/2019 18:56,7.01,227.4
10/13/2019 19:56,4.01,228.8
10/13/2019 20:56,3.34,212
10/13/2019 21:56,2.67,217.6
10/13/2019 22:56,3.01,275.2
10/14/2019 0:56,2.67,175.5
10/14/2019 1:56,4.68,244.3
10/14/2019 2:56,5.01,256.9
10/14/2019 3:56,4.34,244.3
10/14/2019 4:56,6.01,256.9
10/14/2019 5:56,6.35,259.7
10/14/2019 6:56,4.01,207.8
10/14/2019 8:56,2.67,140.4
10/14/2019 9:56,8.35,241.5
10/14/2019 10:56,9.68,242.9
10/14/2019 11:56,9.68,238.7
10/14/2019 12:56,10.35,230.2
10/14/2019 13:56,11.02,228.8
10/14/2019 14:56,11.02,233.1
10/14/2019 15:56,11.35,226
10/14/2019 16:56,11.02,224.6
10/14/2019 17:56,9.35,224.6
10/14/2019 18:56,8.35,221.8
10/14/2019 19:56,6.35,231.6
10/14/2019 20:56,2.67,219
10/14/2019 22:56,2.34,102.5
10/15/2019 9:56,2.34,108.1
10/15/2019 10:56,7.68,219
10/15/2019 11:56,9.35,233.1
10/15/2019 12:56,9.02,234.5
10/15/2019 13:56,9.68,235.9
10/15/2019 14:56,10.02,228.8
10/15/2019 15:56,9.68,230.2
10/15/2019 16:56,9.02,224.6
10/15/2019 17:56,8.35,226
10/15/2019 18:56,7.35,231.6
10/15/2019 19:56,6.01,223.2
10/15/2019 20:56,3.67,244.3
10/16/2019 1:56,2.34,101.1
10/16/2019 2:56,3.01,110.9
10/16/2019 10:56,4.68,199.4
10/16/2019 11:56,7.68,233.1
10/16/2019 12:56,9.35,234.5
10/16/2019 13:56,10.02,230.2
10/16/2019 14:56,10.02,234.5
10/16/2019 15:56,10.02,217.6
10/16/2019 16:56,10.02,207.8
10/16/2019 17:56,10.02,199.4
10/16/2019 18:56,8.02,212
10/16/2019 19:56,6.35,203.6
10/16/2019 20:56,4.01,220.4
10/16/2019 21:56,3.01,251.3
10/16/2019 23:56,3.67,261.1
10/17/2019 0:56,2.67,233.1
10/17/2019 5:56,2.67,108.1
10/17/2019 8:56,2.34,117.9
10/17/2019 9:56,3.67,183.9
10/17/2019 10:56,7.35,230.2
10/17/2019 11:56,8.35,230.2
10/17/2019 12:56,8.02,231.6
10/17/2019 13:56,8.68,226
10/17/2019 14:56,8.68,228.8
10/17/2019 15:56,8.68,223.2
10/17/2019 16:56,9.02,209.2
10/17/2019 17:56,8.35,199.4
10/17/2019 18:56,7.01,195.1
10/17/2019 19:56,5.34,200.8
10/18/2019 11:56,2.67,119.3
10/18/2019 12:56,7.01,233.1
10/18/2019 13:56,8.02,234.5
10/18/2019 14:56,8.35,228.8
10/18/2019 15:56,8.68,223.2
10/18/2019 16:56,8.02,230.2
10/18/2019 17:56,7.35,231.6
10/18/2019 18:56,6.68,209.2
10/18/2019 19:56,4.68,216.2
10/18/2019 20:56,3.67,212
10/19/2019 11:56,6.68,224.6
10/19/2019 12:56,7.68,233.1
10/19/2019 13:56,8.68,224.6
10/19/2019 14:56,9.68,227.4
10/19/2019 15:56,9.68,224.6
10/19/2019 16:56,9.35,235.9
10/19/2019 17:56,8.35,235.9
10/19/2019 18:56,7.35,226
10/19/2019 19:56,6.68,237.3
10/19/2019 20:56,4.68,233.1
10/19/2019 21:56,3.67,231.6
10/19/2019 22:56,4.01,230.2
10/19/2019 23:56,4.01,221.8
10/20/2019 0:56,3.01,221.8
10/20/2019 1:56,2.67,240.1
10/20/2019 7:56,3.01,105.3
10/20/2019 8:56,3.67,101.1
10/20/2019 9:56,3.67,95.5
10/20/2019 10:56,9.68,227.4
10/20/2019 11:56,9.68,224.6
10/20/2019 12:56,9.35,228.8
10/20/2019 13:56,9.35,234.5
10/20/2019 14:56,9.35,223.2
10/20/2019 15:56,9.68,224.6
10/20/2019 16:56,11.02,216.2
10/20/2019 17:56,9.68,224.6
10/20/2019 18:56,7.68,231.6
10/20/2019 19:56,6.01,231.6
10/20/2019 20:56,3.34,228.8
10/20/2019 21:56,3.01,171.3
